Alcohol,Chlorides,Citric Acid,Density,Fixed Acidity,Free Sulfur Dioxide,Number of Records,P H,Quality,Residual Sugar,Sulphates,Total Sulfur Dioxide,Volatile Acidity
9.4,0.076,0,0.9978,7.4,11,1,3.51,5,1.9,0.56,34,0.7
9.8,0.098,0,0.9968,7.8,25,1,3.2,5,2.6,0.68,67,0.88
9.8,0.092,0.04,0.997,7.8,15,1,3.26,5,2.3,0.65,54,0.76
9.8,0.075,0.56,0.998,11.2,17,1,3.16,6,1.9,0.58,60,0.28
9.4,0.076,0,0.9978,7.4,11,1,3.51,5,1.9,0.56,34,0.7
9.4,0.075,0,0.9978,7.4,13,1,3.51,5,1.8,0.56,40,0.66
9.4,0.069,0.06,0.9964,7.9,15,1,3.3,5,1.6,0.46,59,0.6
10,0.065,0,0.9946,7.3,15,1,3.39,7,1.2,0.47,21,0.65
9.5,0.073,0.02,0.9968,7.8,9,1,3.36,7,2,0.57,18,0.58
10.5,0.071,0.36,0.9978,7.5,17,1,3.35,5,6.1,0.8,102,0.5
9.2,0.097,0.08,0.9959,6.7,15,1,3.28,5,1.8,0.54,65,0.58
10.5,0.071,0.36,0.9978,7.5,17,1,3.35,5,6.1,0.8,102,0.5
9.9,0.089,0,0.9943,5.6,16,1,3.58,5,1.6,0.52,59,0.615
9.1,0.114,0.29,0.9974,7.8,9,1,3.26,5,1.6,1.56,29,0.61
9.2,0.176,0.18,0.9986,8.9,52,1,3.16,5,3.8,0.88,145,0.62
9.2,0.17,0.19,0.9986,8.9,51,1,3.17,5,3.9,0.93,148,0.62
10.5,0.092,0.56,0.9969,8.5,35,1,3.3,7,1.8,0.75,103,0.28
9.3,0.368,0.28,0.9968,8.1,16,1,3.11,5,1.7,1.28,56,0.56
9,0.086,0.08,0.9974,7.4,6,1,3.38,4,4.4,0.5,29,0.59
9.2,0.341,0.51,0.9969,7.9,17,1,3.04,6,1.8,1.08,56,0.32
9.4,0.077,0.48,0.9968,8.9,29,1,3.39,6,1.8,0.53,60,0.22
9.7,0.082,0.31,0.9982,7.6,23,1,3.52,5,2.3,0.65,71,0.39
9.5,0.106,0.21,0.9966,7.9,10,1,3.17,5,1.6,0.91,37,0.43
9.4,0.084,0.11,0.9968,8.5,9,1,3.17,5,2.3,0.53,67,0.49
9.7,0.085,0.14,0.9968,6.9,21,1,3.43,6,2.4,0.63,40,0.4
9.3,0.08,0.16,0.9955,6.3,11,1,3.34,5,1.4,0.56,23,0.39
9.5,0.08,0.24,0.9962,7.6,4,1,3.28,5,1.8,0.59,11,0.41
9.5,0.106,0.21,0.9966,7.9,10,1,3.17,5,1.6,0.91,37,0.43
9.4,0.08,0,0.9972,7.1,14,1,3.47,5,1.9,0.55,35,0.71
9.8,0.082,0,0.9964,7.8,8,1,3.38,6,2,0.59,16,0.645
10.1,0.089,0.07,0.9958,6.7,17,1,3.35,5,2.4,0.54,82,0.675
10.6,0.105,0,0.9966,6.9,22,1,3.46,6,2.5,0.57,37,0.685
9.8,0.083,0.12,0.9966,8.3,15,1,3.17,5,2.3,0.66,113,0.655
9.4,0.073,0.12,0.9993,6.9,40,1,3.45,6,10.7,0.52,83,0.605
9.2,0.103,0.25,0.9957,5.2,13,1,3.38,5,1.8,0.55,50,0.32
9.6,0.086,0,0.9986,7.8,5,1,3.4,6,5.5,0.55,18,0.645
10.8,0.086,0.14,0.9975,7.8,3,1,3.42,6,2.4,0.6,15,0.6
9.7,0.066,0.28,0.9968,8.1,13,1,3.23,7,2.1,0.73,30,0.38
9.8,0.172,0.09,0.994,5.7,7,1,3.5,4,1.5,0.48,19,1.13
10.5,0.074,0.36,0.9978,7.3,12,1,3.33,5,5.9,0.83,87,0.45
10.5,0.074,0.36,0.9978,7.3,12,1,3.33,5,5.9,0.83,87,0.45
9.3,0.088,0.3,0.9976,8.8,17,1,3.26,4,2.8,0.51,46,0.61
10.5,0.332,0.2,0.9968,7.5,8,1,3.21,6,2.6,0.9,14,0.49
10.3,0.069,0.22,0.9968,8.1,9,1,3.3,5,2.2,1.2,23,0.66
9.5,0.05,0.02,0.9962,6.8,5,1,3.48,5,1.8,0.52,11,0.67
13.1,0.054,0.15,0.9934,4.6,8,1,3.9,4,2.1,0.56,65,0.52
9.2,0.114,0.43,0.997,7.7,22,1,3.25,5,2.2,0.73,114,0.935
9.5,0.113,0.52,0.9969,8.7,12,1,3.25,5,1.6,0.58,37,0.29
9.2,0.066,0.23,0.9958,6.4,5,1,3.34,5,1.6,0.56,12,0.4
9.2,0.074,0.37,0.9954,5.6,12,1,3.32,5,1.4,0.58,96,0.31
9.2,0.074,0.26,0.9971,8.8,4,1,3.15,5,1.7,0.74,23,0.66
9.4,0.069,0.04,0.9956,6.6,8,1,3.4,6,2.2,0.63,15,0.52
9.4,0.068,0.04,0.9955,6.6,6,1,3.39,6,2.1,0.64,14,0.5
9.4,0.081,0.36,0.997,8.6,30,1,3.2,5,3,0.56,119,0.38
10.2,0.11,0.15,0.9955,7.6,33,1,3.17,6,2.8,0.63,73,0.51
9.5,0.084,0.04,0.9978,7.7,25,1,3.34,5,3.8,0.53,45,0.62
9.6,0.07,0.57,0.9971,10.2,4,1,3.04,5,3.4,0.63,10,0.42
9.4,0.111,0.12,0.9983,7.5,50,1,3.26,5,5.1,0.77,110,0.63
10,0.076,0.18,0.9975,7.8,17,1,3.43,5,2.3,0.59,54,0.59
9.4,0.074,0.31,0.9962,7.3,9,1,3.41,6,2.4,0.54,46,0.39
9.2,0.079,0.4,0.998,8.8,19,1,3.44,5,2.2,0.64,52,0.4
9.3,0.115,0.49,0.9968,7.7,20,1,3.21,5,1.8,0.71,112,0.69
9.5,0.085,0.16,0.9968,7.5,12,1,3.38,7,1.9,0.62,35,0.52
9.8,0.081,0.05,0.9966,7,13,1,3.39,5,2,0.57,54,0.735
10.9,0.086,0.05,0.9962,7.2,4,1,3.41,5,4.65,0.39,11,0.725
10.9,0.086,0.05,0.9962,7.2,4,1,3.41,5,4.65,0.39,11,0.725
9.6,0.079,0.11,0.9968,7.5,11,1,3.42,5,1.5,0.58,39,0.52
10.7,0.076,0.07,0.9962,6.6,6,1,3.44,5,1.6,0.58,15,0.705
10.7,0.074,0.57,0.9969,9.3,27,1,3.28,5,2,0.79,65,0.32
10.5,0.074,0.05,0.9962,8,8,1,3.34,6,1.9,0.95,19,0.705
9.5,0.076,0.08,0.9967,7.7,15,1,3.32,6,1.9,0.54,27,0.63
9.5,0.088,0.23,0.9962,7.7,17,1,3.32,5,2.1,0.48,96,0.67
9.5,0.084,0.22,0.9961,7.7,18,1,3.31,5,1.9,0.48,94,0.69
9.2,0.084,0.26,0.9976,8.3,11,1,3.31,4,2.1,0.53,43,0.675
9.6,0.094,0.54,0.9984,9.7,28,1,3.28,5,2.5,0.82,83,0.32
10.5,0.093,0.64,0.9986,8.8,9,1,3.54,5,2.2,0.66,42,0.41
10.5,0.093,0.64,0.9986,8.8,9,1,3.54,5,2.2,0.66,42,0.41
10.7,0.104,0,0.9966,6.8,14,1,3.52,6,2.4,0.55,30,0.785
10.1,0.086,0.12,0.9958,6.7,12,1,3.38,5,2,0.52,80,0.75
9.1,0.08,0.2,0.9972,8.3,27,1,3.16,4,1.5,1.12,119,0.625
9.2,0.069,0.2,0.9958,6.2,3,1,3.41,5,1.6,0.56,15,0.45
9.4,0.464,0.7,0.9974,7.8,22,1,3.13,5,1.9,1.28,67,0.43
9.1,0.086,0.47,0.997,7.4,21,1,3.36,5,2,0.57,73,0.5
9.4,0.401,0.26,0.9969,7.3,16,1,3.16,5,1.8,1.14,51,0.67
10.3,0.069,0.48,0.9959,6.3,18,1,3.44,6,1.8,0.78,61,0.3
10.1,0.076,0.15,0.9961,6.9,19,1,3.41,5,2.2,0.59,40,0.55
9.9,0.11,0.28,0.9972,8.6,20,1,2.93,6,1.9,1.95,136,0.49
9.6,0.062,0.26,0.9966,7.7,9,1,3.39,5,1.9,0.64,31,0.49
9.5,0.107,0.44,0.9978,9.3,34,1,3.14,5,2.1,1.22,125,0.39
9,0.076,0.08,0.9978,7,8,1,3.48,5,1.8,0.53,24,0.62
9.5,0.079,0.26,0.9964,7.9,42,1,3.23,5,1.9,0.54,140,0.52
9.9,0.11,0.28,0.9972,8.6,20,1,2.93,6,1.9,1.95,136,0.49
9.8,0.11,0.29,0.9972,8.6,19,1,2.93,5,2,1.98,133,0.49
9.6,0.062,0.26,0.9966,7.7,9,1,3.39,5,1.9,0.64,31,0.49
10.5,0.045,0.04,0.9938,5,41,1,3.75,4,1.4,0.48,85,1.02
12.9,0.058,0.17,0.9932,4.7,17,1,3.85,6,2.3,0.6,106,0.6
10.7,0.102,0,0.9965,6.8,8,1,3.45,5,3,0.56,23,0.775
9.2,0.07,0.25,0.9963,7,3,1,3.25,5,2,0.63,22,0.5
9.8,0.079,0.06,0.9967,7.6,5,1,3.39,5,2.5,0.56,10,0.9
9,0.08,0.18,0.9972,8.1,13,1,3.3,6,1.9,0.59,35,0.545
10.2,0.084,0.3,0.9972,8.3,11,1,3.4,6,2.1,0.61,50,0.61
10.4,0.075,0.3,0.9959,7.8,8,1,3.31,6,1.9,0.56,22,0.5
9,0.08,0.18,0.9972,8.1,13,1,3.3,6,1.9,0.59,35,0.545
9.2,0.077,0.22,0.9967,8.1,12,1,3.29,5,2.1,0.51,65,0.575
9.4,0.07,0.24,0.996,7.2,5,1,3.33,5,2.2,0.48,36,0.49
9.2,0.077,0.22,0.9967,8.1,12,1,3.29,5,2.1,0.51,65,0.575
9.3,0.467,0.68,0.9973,7.8,18,1,3.08,5,1.7,1.31,69,0.41
9.3,0.088,0.31,0.9969,6.2,15,1,3.46,5,1.7,0.79,64,0.63
9.6,0.091,0.53,0.9976,8,18,1,3.37,6,2.5,0.8,80,0.33
9.3,0.122,0.52,0.9969,8.1,37,1,3.21,5,2,0.69,153,0.785
9.5,0.104,0.19,0.9964,7.8,12,1,3.19,5,1.8,0.93,47,0.56
9.8,0.084,0.09,0.9964,8.4,11,1,3.15,5,2.2,0.66,108,0.62
9.8,0.085,0.1,0.9964,8.4,14,1,3.15,5,2.2,0.66,111,0.6
9.7,0.08,0.44,0.9988,10.1,22,1,3.32,6,2.3,0.67,46,0.31
9.5,0.104,0.19,0.9964,7.8,12,1,3.19,5,1.8,0.93,47,0.56
10.5,0.09,0.31,0.9966,9.4,13,1,3.07,6,2.2,0.63,62,0.4
10,0.077,0.28,0.9978,8.3,11,1,3.39,6,1.9,0.61,40,0.54
9.4,0.082,0.12,0.997,7.8,7,1,3.37,6,2,0.5,28,0.56
10.9,0.119,0.04,0.9962,8.8,14,1,3.21,6,2.2,0.6,56,0.55
9.2,0.097,0.08,0.9959,7,22,1,3.34,6,1.8,0.54,89,0.69
9,0.178,0.09,0.9962,7.3,10,1,3.3,5,1.7,0.57,89,1.07
10.9,0.119,0.04,0.9962,8.8,14,1,3.21,6,2.2,0.6,56,0.55
9.2,0.075,0,0.998,7.3,3,1,3.49,5,2.5,0.52,13,0.695
9.5,0.08,0,0.9976,8,11,1,3.44,5,2.6,0.53,34,0.71
9.5,0.082,0.17,0.996,7.8,21,1,3.39,5,1.6,0.48,102,0.5
9.4,0.146,0.04,0.9984,9,27,1,3.16,5,1.9,0.7,90,0.62
10.9,0.081,0,0.9964,8.2,3,1,3.53,5,1.7,0.49,12,1.33
10.9,0.082,0,0.9964,8.1,3,1,3.54,5,1.8,0.48,12,1.33
10.5,0.065,0.16,0.9962,8,3,1,3.42,7,1.8,0.92,16,0.59
9.4,0.072,0.15,0.9955,6.1,6,1,3.42,5,1.8,0.57,19,0.38
9.4,0.118,0.56,0.9968,8,30,1,3.24,5,2,0.66,134,0.745
13,0.049,0.09,0.9937,5.6,17,1,3.63,5,2.3,0.63,99,0.5
13,0.049,0.09,0.9937,5.6,17,1,3.63,5,2.3,0.63,99,0.5
9.8,0.06,0.01,0.9952,6.6,17,1,3.4,6,1.5,0.58,26,0.5
9.9,0.084,0.05,0.9959,7.9,13,1,3.22,6,2.2,0.55,29,1.04
9.6,0.09,0.11,0.9965,8.4,16,1,3.19,5,1.9,0.82,63,0.745
9.5,0.089,0.15,0.9968,8.3,10,1,3.23,5,1.8,0.77,52,0.715
9.2,0.081,0.36,0.9972,7.2,13,1,3.48,5,2,0.64,45,0.415
9.5,0.081,0.19,0.9962,7.8,15,1,3.33,5,2.1,0.54,105,0.56
9.5,0.081,0.19,0.9962,7.8,17,1,3.32,5,2,0.54,108,0.56
9.6,0.09,0.11,0.9965,8.4,16,1,3.19,5,1.9,0.82,63,0.745
9.5,0.089,0.15,0.9968,8.3,10,1,3.23,5,1.8,0.77,52,0.715
14,0.05,0,0.9916,5.2,27,1,3.68,6,1.8,0.79,63,0.34
9.4,0.066,0.08,0.9954,6.3,3,1,3.34,5,1.7,0.58,20,0.39
14,0.05,0,0.9916,5.2,27,1,3.68,6,1.8,0.79,63,0.34
9.4,0.117,0.55,0.9968,8.1,32,1,3.17,5,1.8,0.62,141,0.67
10,0.087,0.02,0.9944,5.8,21,1,3.54,5,1.8,0.52,94,0.68
9.3,0.236,0.26,0.9968,7.6,10,1,3.11,5,1.6,0.8,88,0.49
10.2,0.074,0.1,0.9959,6.9,12,1,3.42,6,2.3,0.58,30,0.49
10.5,0.089,0.44,0.9975,8.2,11,1,3.53,6,2.8,0.61,43,0.4
10.3,0.077,0.47,0.9958,7.3,5,1,3.33,6,2.1,0.53,11,0.33
9.4,0.61,1,0.9996,9.2,32,1,2.74,4,3.4,2,69,0.52
10.1,0.095,0.03,0.995,7.5,25,1,3.35,5,1.8,0.54,99,0.6
10.1,0.095,0.03,0.995,7.5,25,1,3.35,5,1.8,0.54,99,0.6
10.5,0.07,0.42,0.9973,7.1,29,1,3.42,5,5.5,0.72,129,0.43
10.5,0.071,0.42,0.9973,7.1,28,1,3.42,5,5.5,0.71,128,0.43
10.5,0.07,0.42,0.9973,7.1,29,1,3.42,5,5.5,0.72,129,0.43
10.5,0.071,0.42,0.9973,7.1,28,1,3.42,5,5.5,0.71,128,0.43
9.3,0.073,0,0.9969,7.1,12,1,3.48,5,2.2,0.5,22,0.68
9.3,0.079,0.18,0.9968,6.8,18,1,3.59,6,1.9,0.57,86,0.6
9.6,0.09,0.03,0.9959,7.6,7,1,3.2,5,2,0.56,20,0.95
9.2,0.072,0.02,0.9965,7.6,9,1,3.17,4,1.3,1.08,20,0.68
10,0.076,0.04,0.9964,7.8,17,1,3.33,6,1.7,0.56,31,0.53
9.4,0.07,0.26,0.9982,7.4,36,1,3.37,5,7.3,0.49,121,0.6
9.4,0.07,0.26,0.9981,7.3,35,1,3.37,5,7.2,0.49,121,0.59
9.5,0.1,0.48,0.9961,7.8,14,1,3.19,5,1.7,0.62,96,0.63
10.2,0.085,0.1,0.9956,6.8,18,1,3.34,5,2.1,0.52,101,0.64
9,0.072,0.03,0.9956,7.3,17,1,3.37,4,1.6,0.48,42,0.55
10.4,0.089,0.07,0.9953,6.8,11,1,3.47,6,2.1,0.55,44,0.63
9.5,0.36,0.24,0.9964,7.5,15,1,3,5,1.8,1.59,63,0.705
9.1,0.058,0.03,0.9972,7.9,4,1,3.36,4,1.8,0.33,8,0.885
9.2,0.073,0.17,0.9972,8,6,1,3.29,6,2,0.61,18,0.42
9.2,0.073,0.17,0.9972,8,6,1,3.29,6,2,0.61,18,0.42
11.5,0.068,0.05,0.9961,7.4,24,1,3.42,6,1.9,0.57,42,0.62
9.5,0.08,0.21,0.9961,7.3,7,1,3.33,5,2,0.47,35,0.38
9.5,0.085,0.04,0.9958,6.9,19,1,3.35,5,1.5,0.78,49,0.5
9.5,0.08,0.21,0.9961,7.3,7,1,3.33,5,2,0.47,35,0.38
10.5,0.087,0.42,0.9972,7.5,8,1,3.58,6,2.3,0.61,38,0.52
9.6,0.068,0,0.9969,7,7,1,3.48,5,2.5,0.56,20,0.805
9.5,0.067,0.14,0.9969,8.8,10,1,3.19,5,2.4,0.59,42,0.61
9.5,0.067,0.14,0.9969,8.8,10,1,3.19,5,2.4,0.59,42,0.61
9.3,0.27,0.49,0.9972,8.9,23,1,3.12,5,2,1.02,110,0.61
9.3,0.076,0.02,0.9972,7.2,16,1,3.44,5,2.5,0.52,42,0.73
9.3,0.077,0.2,0.9971,6.8,11,1,3.54,5,1.8,0.58,65,0.61
9.3,0.079,0.21,0.997,6.7,8,1,3.52,6,1.9,0.58,62,0.62
9.7,0.111,0.57,0.9971,8.9,26,1,3.26,5,2,0.53,85,0.31
9.2,0.082,0.48,0.9972,7.4,14,1,3.34,5,2,0.55,67,0.39
9.7,0.084,0.1,0.9976,7.7,9,1,3.39,5,2.6,0.49,26,0.705
9.5,0.084,0.33,0.9968,7.9,15,1,3.2,5,2,0.55,143,0.5
9.5,0.082,0.32,0.9968,7.9,17,1,3.2,5,1.9,0.55,144,0.49
9.4,0.077,0.35,0.9976,8.2,21,1,3.23,5,2.9,0.62,127,0.5
9.8,0.074,0.25,0.9974,6.4,21,1,3.57,6,1.9,0.62,49,0.37
9.5,0.099,0.12,0.9969,6.8,16,1,3.28,5,3.8,0.61,126,0.63
9.7,0.071,0.21,0.9964,7.6,7,1,3.28,5,2.2,0.55,28,0.55
9.7,0.071,0.21,0.9964,7.6,7,1,3.28,5,2.2,0.55,28,0.55
9.4,0.074,0.33,0.9968,7.8,24,1,3.25,5,2,0.54,120,0.59
10.2,0.074,0.3,0.9968,7.3,15,1,3.46,5,2.4,0.59,55,0.58
10.1,0.067,0.6,0.9981,11.5,12,1,3.11,6,2,0.97,27,0.3
13,0.046,0.08,0.9924,5.4,13,1,3.57,7,1.2,0.85,93,0.835
11.4,0.061,0.06,0.9948,6.9,12,1,3.51,4,2.1,0.43,31,1.09
10.3,0.056,0.47,0.99695,9.6,9,1,3.22,7,1.4,0.82,24,0.32
9.3,0.097,0.48,0.9975,8.8,39,1,3.04,5,2.1,1.03,145,0.37
9.5,0.075,0.11,0.99545,6.8,16,1,3.36,5,1.5,0.79,49,0.5
9.2,0.088,0.35,0.9961,7,16,1,3.34,5,1.6,0.55,39,0.42
9.2,0.089,0.36,0.99615,7,14,1,3.34,6,1.6,0.56,37,0.43
10.8,0.095,0.74,0.9994,12.8,9,1,3.2,7,2.6,0.77,28,0.3
10.8,0.095,0.74,0.9994,12.8,9,1,3.2,7,2.6,0.77,28,0.3
9.3,0.069,0.31,0.99625,7.8,26,1,3.29,5,1.8,0.53,120,0.57
9.4,0.1,0.28,0.9966,7.8,18,1,3.22,5,2.7,0.67,95,0.44
10.5,0.054,0.58,0.998,11,7,1,3.31,7,2.1,0.88,19,0.3
12.4,0.039,0.6,0.99585,9.7,5,1,3.3,6,2,0.86,19,0.53
10,0.083,0.24,0.99685,8,10,1,3.35,6,2.8,0.56,62,0.725
10.2,0.059,0.64,0.998,11.6,5,1,3.21,6,2.1,0.67,15,0.44
10.1,0.06,0.26,0.9959,8.2,28,1,3.3,5,2.2,0.43,65,0.57
9.8,0.092,0.08,0.9974,7.8,10,1,3.24,6,2.4,0.71,41,0.735
10.5,0.06,0.49,0.9974,7,26,1,3.34,5,5.6,0.76,121,0.49
11,0.101,0.16,0.9962,8.7,13,1,3.14,5,2,0.57,49,0.625
9.1,0.072,0.22,0.9967,8.1,11,1,3.36,5,2.2,0.55,41,0.725
9.7,0.076,0.19,0.9957,7.5,10,1,3.39,5,1.9,0.54,44,0.49
9.5,0.08,0.33,0.99655,7.8,24,1,3.3,5,2.4,0.6,144,0.53
9.4,0.082,0.37,0.9964,7.8,24,1,3.34,6,2,0.59,58,0.34
9.4,0.101,0.26,0.9957,7.4,16,1,3.15,5,2,0.57,72,0.53
9.5,0.057,0.04,0.99525,6.8,5,1,3.42,5,1.5,0.6,10,0.61
10,0.083,0.25,0.99815,8.6,8,1,3.28,6,2,0.6,28,0.645
10.4,0.089,0.36,0.99745,8.4,15,1,3.31,4,2,0.57,55,0.635
10.5,0.073,0.25,0.99615,7.7,29,1,3.37,6,2.6,0.58,63,0.43
9.5,0.337,0.5,0.9964,8.9,27,1,3.04,6,2,1.61,81,0.59
9.8,0.089,0.14,0.9984,9,9,1,3.39,5,2.6,0.63,23,0.82
10.5,0.073,0.25,0.99615,7.7,29,1,3.37,6,2.6,0.58,63,0.43
11,0.081,0.25,0.99685,6.9,10,1,3.46,5,2.6,0.5,37,0.52
12.2,0.054,0.04,0.9927,5.2,19,1,3.54,7,1.6,0.62,106,0.48
9.9,0.078,0.06,0.99625,8,12,1,3.37,6,1.8,0.52,49,0.38
9.6,0.09,0.2,0.998,8.5,18,1,3.34,6,2.8,0.7,58,0.37
11,0.081,0.25,0.99685,6.9,10,1,3.46,5,2.6,0.5,37,0.52
9,0.065,0.09,0.99685,8.2,7,1,3.32,6,2.3,0.55,37,1
9,0.097,0,0.99675,7.2,14,1,3.37,6,1.9,0.58,38,0.63
9,0.097,0,0.99675,7.2,14,1,3.37,6,1.9,0.58,38,0.63
9.2,0.097,0,0.99675,7.2,15,1,3.37,6,1.9,0.58,39,0.645
9,0.097,0,0.99675,7.2,14,1,3.37,6,1.9,0.58,38,0.63
9,0.065,0.09,0.99685,8.2,7,1,3.32,6,2.3,0.55,37,1
9.3,0.263,0.37,0.9971,8.9,5,1,3,5,1.7,1.09,62,0.635
10.9,0.093,0.56,0.99925,12,6,1,3.14,6,2.1,0.71,24,0.38
9.8,0.102,0.1,0.99565,7.7,28,1,3.08,6,1.8,0.49,109,0.58
9.2,0.075,0.44,1.00005,15,10,1,3.07,7,2.2,0.84,24,0.21
9.2,0.075,0.44,1.00005,15,10,1,3.07,7,2.2,0.84,24,0.21
9.9,0.084,0,0.9983,7.3,6,1,3.61,6,2,0.96,23,0.66
9.5,0.075,0.07,0.99685,7.1,16,1,3.38,5,1.9,0.52,51,0.68
9.3,0.072,0.17,0.9963,8.2,11,1,3.2,5,2.3,0.45,73,0.6
9.8,0.074,0.06,0.99615,7.7,9,1,3.35,6,1.7,0.48,39,0.53
9.9,0.084,0,0.9983,7.3,6,1,3.61,6,2,0.96,23,0.66
10,0.063,0.44,0.9985,10.8,16,1,3.22,6,1.6,0.78,37,0.32
9.9,0.074,0,0.9972,7.1,16,1,3.47,6,1.8,0.7,34,0.6
10.5,0.09,0.48,0.9986,11.1,5,1,3.17,5,3.1,0.53,21,0.35
9.5,0.092,0.42,0.9959,7.7,8,1,3.23,5,1.9,0.59,86,0.775
9.9,0.074,0,0.9972,7.1,16,1,3.47,6,1.8,0.7,34,0.6
9.3,0.073,0.23,0.99675,8,17,1,3.26,5,3.2,0.57,119,0.57
9.2,0.075,0.37,0.998,9.4,5,1,3.22,5,2.2,0.62,13,0.34
9.2,0.075,0,0.9968,6.6,12,1,3.49,5,2.1,0.67,56,0.695
9.4,0.611,0.76,0.9968,7.7,8,1,3.06,5,1.8,1.26,45,0.41
10.5,0.085,0.47,0.99965,10,14,1,3.36,7,2.6,0.8,33,0.31
9.3,0.077,0.23,0.99625,7.9,18,1,3.29,5,1.7,0.65,45,0.33
9.4,0.087,0.04,0.99565,7,12,1,3.35,4,2,0.6,67,0.975
10,0.07,0.03,0.99575,8,10,1,3.34,5,1.7,0.57,35,0.52
9.3,0.077,0.23,0.9963,7.9,23,1,3.28,5,1.8,0.67,49,0.37
10.9,0.064,0.49,0.9999,12.5,5,1,3.08,5,2.4,0.87,27,0.56
10.2,0.071,0.52,0.9968,11.8,6,1,3.2,7,1.8,0.72,10,0.26
9.8,0.096,0,1.00025,8.1,26,1,3.6,4,3.3,0.72,61,0.87
12.8,0.078,0.46,0.9973,7.9,15,1,3.35,8,3.6,0.86,37,0.35
9.4,0.077,0.04,0.9987,6.9,7,1,3.69,6,3,0.91,27,0.54
10.1,0.104,0.51,0.9996,11.5,4,1,3.28,6,4,0.97,23,0.18
10.7,0.087,0.06,0.9965,7.9,27,1,3.36,6,4,0.67,61,0.545
10.1,0.104,0.51,0.9996,11.5,4,1,3.28,6,4,0.97,23,0.18
10.1,0.071,0.58,0.99935,10.9,17,1,3.22,5,4,0.78,65,0.37
9.4,0.076,0.2,0.99735,8.4,10,1,3.31,5,2.4,0.64,38,0.715
9.4,0.088,0.18,0.99915,7.5,27,1,3.38,5,7,0.77,94,0.65
10.7,0.087,0.06,0.9965,7.9,27,1,3.36,6,4,0.67,61,0.545
9.4,0.077,0.04,0.9987,6.9,7,1,3.69,6,3,0.91,27,0.54
10.1,0.104,0.51,0.9996,11.5,4,1,3.28,6,4,0.97,23,0.18
12.6,0.073,0.45,0.9976,10.3,5,1,3.23,8,6.4,0.82,13,0.32
10.5,0.087,0.32,0.9991,8.9,10,1,3.38,7,5.6,0.77,47,0.4
9.3,0.071,0.44,0.9986,11.4,6,1,3.12,6,3.6,0.82,19,0.26
9.9,0.358,0.68,0.9972,7.7,5,1,3.25,7,3.5,1.08,10,0.27
9.1,0.067,0.12,0.9971,7.6,12,1,3.36,5,3,0.57,53,0.52
10.5,0.087,0.32,0.9991,8.9,10,1,3.38,7,5.6,0.77,47,0.4
9.8,0.102,0.07,1.00015,9.9,32,1,3.31,5,3.4,0.71,71,0.59
9.8,0.102,0.07,1.00015,9.9,32,1,3.31,5,3.4,0.71,71,0.59
10.3,0.073,0.55,0.9997,12,25,1,3.1,6,2,0.76,49,0.45
10.3,0.092,0.12,0.9967,7.5,29,1,3.37,6,3,0.7,53,0.4
10.6,0.091,0.09,0.9976,8.7,20,1,3.34,7,2.5,0.86,49,0.52
9.2,0.105,0.53,1.001,11.6,33,1,3.2,5,3.3,0.95,98,0.42
10.6,0.091,0.09,0.9976,8.7,20,1,3.34,7,2.5,0.86,49,0.52
10.5,0.343,0.48,0.9979,11,6,1,3.3,5,2,0.71,18,0.2
10.3,0.091,0.23,0.9994,10.4,18,1,3.22,6,2.7,0.64,48,0.55
10.1,0.098,0.25,0.9964,6.9,5,1,3.41,6,2.4,0.6,16,0.36
9.5,0.094,0.52,1.0014,13.3,17,1,3.05,6,3.2,0.81,53,0.34
9.5,0.073,0.46,1.0001,10.8,5,1,3.05,5,2.5,0.64,27,0.5
9.9,0.086,0.37,0.9981,10.6,26,1,3.16,5,2.6,0.52,70,0.83
9.6,0.083,0.06,0.99855,7.1,8,1,3.67,5,2,0.73,29,0.63
9.7,0.094,0.02,0.9993,7.2,5,1,3.67,5,2.3,0.8,31,0.65
9.6,0.08,0.06,0.99845,6.9,8,1,3.68,5,2.1,0.71,33,0.67
10.7,0.086,0.06,0.9965,7.5,20,1,3.38,6,2.6,0.59,44,0.53
10.1,0.068,0.48,0.9973,11.1,7,1,3.22,6,1.5,0.64,15,0.18
10,0.092,0.12,0.9994,8.3,12,1,3.51,5,2.6,0.72,28,0.705
9.5,0.186,0.12,0.996,7.4,5,1,3.39,5,1.6,0.54,21,0.67
9.2,0.112,0.6,0.9973,8.4,12,1,3.2,5,2.1,0.52,90,0.65
9.3,0.063,0.48,0.9998,10.3,6,1,3.12,6,2.5,0.59,25,0.53
9.4,0.082,0.32,0.9966,7.6,7,1,3.36,5,2.2,0.52,54,0.62
9.5,0.213,0.42,0.9994,10.3,6,1,3.19,6,2.4,0.62,14,0.41
9.5,0.214,0.44,0.9994,10.3,5,1,3.19,6,2.4,0.63,12,0.43
9.5,0.062,0.38,0.9968,7.4,9,1,3.41,6,1.7,0.53,30,0.29
9.3,0.063,0.48,0.9998,10.3,6,1,3.12,6,2.5,0.59,25,0.53
9.4,0.072,0.24,0.996,7.9,15,1,3.27,6,2,0.54,105,0.53
9.5,0.093,0.31,0.99815,9,19,1,3.32,6,2.8,0.63,98,0.46
9.4,0.076,0.3,0.9976,8.6,30,1,3.3,5,3,0.53,135,0.47
11,0.087,0.29,0.99645,7.4,26,1,3.39,5,2.6,0.68,72,0.36
11,0.096,0.29,0.9962,7.1,20,1,3.42,6,2.5,0.65,53,0.35
10.1,0.102,0.23,0.9996,9.6,37,1,3.3,5,3.4,0.65,92,0.56
10.4,0.082,0.12,0.99865,9.6,30,1,3.3,6,2.9,0.64,74,0.77
11.5,0.083,0.39,0.9989,9.8,21,1,3.37,7,3.2,0.71,59,0.66
10.4,0.082,0.12,0.99865,9.6,30,1,3.3,6,2.9,0.64,74,0.77
11.5,0.083,0.39,0.9989,9.8,21,1,3.37,7,3.2,0.71,59,0.66
9.7,0.09,0.26,0.99975,9.3,25,1,3.24,5,3.4,0.62,87,0.61
9.3,0.079,0.05,0.99735,7.8,6,1,3.29,5,2.3,0.63,18,0.62
9.5,0.09,0.42,0.999,10.3,35,1,3.28,6,2.8,0.7,73,0.59
9.2,0.071,0.2,1.0015,10,13,1,3.16,6,11,0.69,50,0.49
9.2,0.071,0.2,1.0015,10,13,1,3.16,6,11,0.69,50,0.49
11.5,0.121,0.66,0.9978,11.6,6,1,3.05,7,3.65,0.74,14,0.53
11.5,0.107,0.5,0.998,10.3,5,1,3.28,5,4.5,0.83,13,0.44
9.7,0.082,0.62,1.0002,13.4,6,1,3.16,6,2.6,0.67,21,0.27
9.5,0.061,0.39,0.9981,10.7,7,1,3.18,5,2,0.62,15,0.46
12.5,0.122,0.64,0.998,10.2,10,1,3.23,6,2.9,0.66,41,0.36
12.5,0.122,0.64,0.998,10.2,10,1,3.23,6,2.9,0.66,41,0.36
9.4,0.066,0.28,0.9973,8,21,1,3.22,6,3.2,0.54,114,0.58
11,0.105,0.08,0.9958,8.4,16,1,3.13,5,2.1,0.52,44,0.56
11.7,0.078,0.01,0.9963,7.9,17,1,3.34,7,2.5,0.74,38,0.65
12.2,0.128,0.53,0.9992,11.9,7,1,3.17,7,3.4,0.84,21,0.695
12.5,0.052,0.45,0.9948,8.9,6,1,3.35,6,1.9,0.7,16,0.43
10.3,0.08,0.32,0.9974,7.8,29,1,3.31,5,2.8,0.64,58,0.43
11.5,0.103,0.58,1.0008,12.4,28,1,3.16,6,3,1,99,0.49
9.8,0.082,0.54,0.9997,12.5,12,1,3.11,7,2.3,1.36,29,0.28
9.2,0.066,0.5,1,12.2,10,1,3.12,6,2.4,1.18,21,0.34
11.3,0.065,0.48,0.9972,10.6,5,1,3.21,6,2.7,0.87,18,0.42
9.8,0.118,0.47,0.9982,10.9,6,1,3.3,6,1.8,0.75,14,0.39
9.8,0.118,0.47,0.9982,10.9,6,1,3.3,6,1.8,0.75,14,0.39
10.7,0.082,0.5,1.0006,11.9,6,1,3.12,6,2.6,0.78,32,0.57
9.9,0.067,0,0.9979,7,40,1,3.6,5,1.9,0.81,63,0.685
12.3,0.072,0.02,0.9955,6.6,17,1,3.58,7,2.7,0.89,34,0.815
12,0.093,0.67,0.9986,13.8,6,1,3.02,6,3,0.93,15,0.49
10,0.089,0.31,0.9979,9.6,15,1,3.11,6,2.8,0.92,46,0.56
9.4,0.093,0,0.9994,9.1,11,1,3.36,6,2.6,0.86,28,0.785
9.9,0.107,0.22,1.0004,10.7,17,1,3.28,6,2.7,0.98,34,0.67
9.4,0.096,0,0.9994,9.1,11,1,3.35,6,2.6,0.83,26,0.795
9.3,0.09,0,0.9974,7.7,8,1,3.27,5,2.4,0.73,19,0.665
13,0.12,0.79,1.0018,13.5,23,1,3.18,5,4.8,0.77,77,0.53
11.9,0.066,0.4,0.9912,6.1,40.5,1,3.25,6,1.4,0.59,165,0.21
12.8,0.078,0.01,0.9955,6.7,17,1,3.55,6,2.4,0.61,32,0.75
11,0.08,0.52,1.0001,11.5,29,1,3.26,5,3,0.88,55,0.41
11.7,0.116,0.66,0.997,10.5,12,1,3.24,7,2.95,0.75,29,0.42
10.4,0.109,0.66,1,11.9,10,1,3.15,7,3.1,0.85,23,0.43
9.8,0.088,0.66,1.001,12.6,10,1,3.17,6,2.6,0.68,41,0.38
9.4,0.099,0.23,0.9973,8.2,14,1,3.19,5,2,0.7,81,0.7
9.9,0.086,0.31,0.9982,8.6,21,1,3.37,6,2.6,0.91,50,0.45
10,0.072,0.66,0.9992,11.9,6,1,3.05,5,2.5,0.56,37,0.58
10.2,0.071,0.63,0.9988,12.5,6,1,2.99,5,2,0.87,15,0.46
10,0.083,0.66,1.0022,12.8,7,1,3.07,7,5.8,0.73,42,0.615
11.8,0.107,0.5,0.9979,10,7,1,3.26,6,3.4,0.93,21,0.42
10,0.083,0.66,1.0022,12.8,7,1,3.07,7,5.8,0.73,42,0.615
9,0.076,0.61,1,10.4,11,1,3.16,5,2.6,0.69,24,0.575
9.4,0.159,0.52,0.9998,10.3,15,1,3.18,5,2.8,0.64,75,0.34
12,0.074,0.53,0.9962,9.4,6,1,3.2,7,2.4,1.13,18,0.27
9.9,0.063,0.02,0.9975,6.9,35,1,3.57,5,2.3,0.78,63,0.765
8.7,0.056,0.4,0.9967,7.9,11,1,3.32,6,1.6,0.87,25,0.24
10.6,0.067,0.48,0.9967,9.1,26,1,3.32,6,1.8,1.04,46,0.28
9.2,0.106,0.22,0.9959,7.4,12,1,3.05,5,2.2,0.63,72,0.55
10.8,0.089,0.63,1.0014,14,6,1,3.01,6,3.8,0.81,47,0.41
11.8,0.124,0.71,0.9984,11.5,6,1,3.01,7,4.4,0.83,15,0.54
11,0.078,0.5,1.0003,11.5,19,1,3.26,6,3,1.11,47,0.45
12,0.074,0.53,0.9962,9.4,6,1,3.2,7,2.4,1.13,18,0.27
13.3,0.088,0.66,0.9988,11.4,6,1,3.11,6,6.2,0.99,24,0.625
10.8,0.094,0.38,0.9979,8.3,24,1,3.31,6,2.5,0.7,60,0.42
9.4,0.08,0.42,0.9974,8.3,11,1,3.21,6,2,0.8,27,0.26
10,0.085,0.68,1.0014,13.7,17,1,3.06,6,2.9,0.8,43,0.415
9.4,0.08,0.42,0.9974,8.3,11,1,3.21,6,2,0.8,27,0.26
9.4,0.08,0.42,0.9974,8.3,11,1,3.21,6,2,0.8,27,0.26
9.2,0.087,0.28,0.998,7.7,23,1,3.42,5,2.1,0.74,54,0.51
9.7,0.09,0.07,0.9979,7.4,11,1,3.43,6,2.4,0.76,37,0.63
9.2,0.088,0.26,0.9981,7.8,23,1,3.41,6,2,0.74,48,0.54
9.6,0.079,0.15,0.9972,8.3,17,1,3.31,6,1.9,0.54,42,0.66
9.2,0.088,0.26,0.9981,7.8,23,1,3.43,6,1.9,0.74,53,0.46
10,0.096,0.31,0.9982,9.6,16,1,3.19,7,2.5,0.7,49,0.38
12.9,0.045,0.05,0.9924,5.6,12,1,3.56,8,1.4,0.82,88,0.85
10,0.085,0.68,1.0014,13.7,17,1,3.06,6,2.9,0.8,43,0.415
9.5,0.082,0.52,0.998,9.5,6,1,3.18,5,2,0.51,26,0.37
9.1,0.112,0.61,0.997,8.4,13,1,3.16,5,2,0.54,95,0.665
9.9,0.063,0.65,0.9997,12.7,6,1,3.03,5,2.3,0.57,25,0.6
13,0.066,0.76,1.0004,12,7,1,3.22,7,4.2,0.6,38,0.37
9.9,0.122,0.02,0.9994,6.6,68,1,3.47,5,7.9,0.53,124,0.735
11,0.087,0.59,0.9988,11.5,13,1,3.18,6,2.6,0.65,49,0.59
11,0.087,0.59,0.9988,11.5,13,1,3.18,6,2.6,0.65,49,0.59
9.4,0.064,0.22,0.9963,8.7,9,1,3.1,5,2.3,0.55,42,0.765
9.9,0.122,0.02,0.9994,6.6,68,1,3.47,5,7.9,0.53,124,0.735
10.8,0.059,0.3,0.9949,7.7,20,1,3.29,6,1.7,0.47,38,0.26
10.5,0.085,0.54,1,12.2,19,1,3.1,6,2.6,0.61,64,0.48
10.5,0.085,0.49,0.9994,11.4,10,1,3.15,6,2.7,0.63,41,0.6
9.1,0.075,0.05,0.9974,7.7,15,1,3.26,5,2.7,0.61,27,0.69
10.1,0.059,0.46,0.9966,8.7,11,1,3.36,6,1.4,0.76,25,0.31
10.8,0.063,0.47,0.9981,9.8,9,1,3.24,6,2.5,0.65,28,0.44
10.8,0.093,0.66,0.9996,12,12,1,3.18,7,3,0.63,30,0.39
11.3,0.174,0.58,0.997,10.4,6,1,3.19,6,3.7,0.7,16,0.34
9.6,0.07,0.49,0.9981,12.5,26,1,3.05,4,4.5,0.57,49,0.46
9.5,0.08,0.34,0.9987,9,26,1,3.38,6,2.5,0.62,86,0.43
9.5,0.08,0.35,0.9987,9.1,23,1,3.38,5,2.4,0.62,78,0.45
9.3,0.1,0.16,0.9966,7.1,15,1,3.27,5,1.9,0.64,77,0.735
11.7,0.097,0.53,0.9986,9.9,6,1,3.27,7,6.7,0.82,19,0.4
9.5,0.087,0.34,0.9982,8.8,24,1,3.26,5,2.7,0.61,122,0.52
9.3,0.117,0.24,1.0014,8.6,31,1,3.32,5,6.6,1.07,134,0.725
11.7,0.111,0.64,0.997,10.6,6,1,3.26,6,2.2,0.66,20,0.48
10.5,0.091,0.12,0.9956,7,34,1,3.44,5,1.9,0.48,124,0.58
10.4,0.121,0.51,0.9996,11.9,7,1,3.24,6,2,0.76,20,0.38
9.9,0.066,0,0.9976,6.8,34,1,3.62,5,1.8,0.68,52,0.77
11.8,0.089,0.33,0.9972,9.5,35,1,3.28,7,2.4,0.73,67,0.56
12.3,0.059,0.03,0.9952,6.6,32,1,3.52,7,2.3,0.56,48,0.84
10.9,0.047,0.2,0.9955,7.7,15,1,3.36,5,2,0.44,60,0.96
11,0.066,0.47,0.9978,10.5,6,1,3.15,7,2.1,0.9,24,0.24
10.9,0.047,0.2,0.9955,7.7,15,1,3.36,5,2,0.44,60,0.96
12.3,0.059,0.03,0.9952,6.6,32,1,3.52,7,2.3,0.56,48,0.84
11.4,0.045,0.08,0.9949,6.4,19,1,3.49,6,2.1,0.49,48,0.67
10.6,0.077,0.22,0.9988,9.5,6,1,3.26,6,1.9,0.56,32,0.78
9.3,0.07,0.33,0.9978,9.1,9,1,3.24,5,1.3,0.6,30,0.52
10.4,0.088,0.63,0.9997,12.8,13,1,3.1,6,2.4,0.6,35,0.84
11,0.066,0.47,0.9978,10.5,6,1,3.15,7,2.1,0.9,24,0.24
9.2,0.074,0.35,0.9974,7.8,21,1,3.25,5,2.2,0.56,66,0.55
12.8,0.078,0.69,0.9958,11.9,12,1,3,6,2.3,0.65,24,0.37
9.5,0.091,0.63,1.0004,12.3,6,1,3.16,5,2.3,0.49,18,0.39
9.9,0.076,0.55,0.9996,10.4,22,1,3.15,6,3.2,0.89,54,0.41
9.5,0.091,0.63,1.0004,12.3,6,1,3.16,5,2.3,0.49,18,0.39
10.2,0.06,0.3,0.9958,8,38,1,3.26,6,2,0.56,62,0.67
11.2,0.066,0.73,0.9986,11.1,6,1,3.17,6,3.2,0.66,22,0.45
9.9,0.076,0.55,0.9996,10.4,22,1,3.15,6,3.2,0.89,54,0.41
9.3,0.062,0.18,0.9951,7,7,1,3.08,5,1.5,0.6,50,0.62
9.8,0.072,0.72,0.9987,12.6,6,1,2.88,8,2.2,0.82,29,0.31
11.3,0.068,0.65,0.9988,11.9,7,1,3.06,6,2.15,0.68,27,0.4
11.2,0.1,0.76,1.0032,15.6,6,1,2.95,7,3.7,0.68,43,0.685
11.6,0.077,0.49,0.9963,10,11,1,3.23,7,2.7,0.63,19,0.44
12.5,0.054,0.01,0.9934,5.3,5,1,3.57,7,1.7,0.84,27,0.57
10.1,0.079,0.1,0.9986,9.5,6,1,3.23,6,2.1,0.56,31,0.735
10.5,0.081,0.6,0.9996,12.5,31,1,3.1,5,2.6,0.73,72,0.38
11.2,0.127,0.29,0.9968,9.3,6,1,3.22,5,2.1,0.72,16,0.48
10.2,0.1,0.22,0.9967,8.6,7,1,3.2,6,2,0.56,27,0.53
10.8,0.095,0.69,0.9994,11.9,17,1,3.1,6,2.8,0.61,35,0.39
10.8,0.095,0.69,0.9994,11.9,17,1,3.1,6,2.8,0.61,35,0.39
9.1,0.413,0.53,0.9979,8.4,9,1,3.06,6,1.8,1.06,26,0.37
10,0.084,0.03,0.9968,6.8,18,1,3.44,6,1.7,0.63,35,0.56
11.2,0.084,0.63,0.9998,10.4,5,1,3.26,7,2.8,0.74,22,0.33
11.1,0.063,0.4,0.9952,7,21,1,3.5,5,1.6,0.63,67,0.23
13.4,0.086,0.67,0.9988,11.3,6,1,3.22,8,5.2,0.69,19,0.62
10.3,0.095,0.39,0.9986,8.9,5,1,3.37,5,2.3,0.58,22,0.59
9.6,0.097,0.21,0.9988,9.2,29,1,3.28,5,2.7,0.58,65,0.63
11.2,0.084,0.63,0.9998,10.4,5,1,3.26,7,2.8,0.74,22,0.33
9,0.074,0.66,1.0008,11.6,10,1,3.25,3,2.2,0.57,47,0.58
11.3,0.083,0.52,0.9976,9.2,14,1,3.35,6,2.3,0.61,23,0.43
9.3,0.087,0.22,0.9982,8.3,6,1,3.26,5,2.6,0.61,19,0.615
11.8,0.085,0.68,0.997,11,10,1,3.18,5,2.55,0.61,25,0.26
9,0.098,0.7,0.9972,8.1,25,1,3.08,5,2.2,0.53,129,0.66
9.2,0.084,0.54,0.9987,11.5,5,1,2.98,6,2.1,0.7,15,0.315
9.7,0.098,0.4,1.0006,10,10,1,3.48,5,2.9,0.91,26,0.29
11.5,0.069,0.42,0.9982,10.3,21,1,3.16,6,2,0.72,51,0.5
14,0.065,0.45,0.9947,8.8,7,1,3.32,6,2.6,0.79,18,0.46
9.2,0.09,0.69,1,11.4,6,1,3.17,6,2.1,0.62,21,0.36
9.8,0.07,0.02,0.9952,8.7,36,1,3.2,5,1.2,0.58,48,0.82
10.6,0.093,0.65,0.9996,13,15,1,3.05,5,2.6,0.61,47,0.32
11.4,0.081,0.42,0.997,9.6,25,1,3.2,6,2.4,0.71,52,0.54
10.4,0.083,0.55,0.9995,12.5,25,1,3.15,6,2.6,0.82,68,0.37
10.6,0.062,0.55,0.9971,9.9,5,1,3.26,5,2.1,0.79,14,0.35
9.4,0.08,0.51,0.9982,10.5,10,1,3.2,6,1.7,0.89,24,0.28
10.2,0.087,0.24,0.9988,9.6,5,1,3.14,5,2.2,0.6,28,0.68
9.7,0.091,0.41,0.998,9.3,6,1,3.28,5,2,0.7,16,0.27
11,0.075,0.49,0.9977,10.4,6,1,3.18,6,1.8,1.06,20,0.24
10.2,0.087,0.24,0.9988,9.6,5,1,3.14,5,2.2,0.6,28,0.68
10.1,0.077,0.11,0.9984,9.4,6,1,3.19,6,2.7,0.7,31,0.685
9.2,0.069,0.39,1.0026,10.6,6,1,3.12,5,15.5,0.66,23,0.28
11.7,0.08,0.56,0.9964,9.4,6,1,3.15,8,2.8,0.92,17,0.3
9.4,0.152,0.59,0.9986,10.6,6,1,3.04,5,2.2,1.05,18,0.36
9.4,0.152,0.6,0.9986,10.6,7,1,3.04,5,2.2,1.06,18,0.36
13.4,0.114,0.68,0.997,10.6,6,1,3.06,6,4.1,0.66,24,0.44
10,0.054,0.39,0.9976,10.2,6,1,3.17,5,1.9,0.47,17,0.67
10,0.054,0.39,0.9976,10.2,6,1,3.17,5,1.9,0.47,17,0.67
10,0.053,0.36,0.9982,10.2,5,1,3.17,6,1.8,0.42,14,0.645
10.8,0.081,0.55,1.0002,11.6,35,1,3.32,7,2.8,0.92,67,0.32
10.2,0.073,0.4,0.9984,9.3,10,1,3.34,6,2.6,0.75,26,0.39
10.6,0.078,0.27,0.9984,9.3,24,1,3.31,6,2.8,0.67,56,0.775
13.3,0.055,0.5,0.9952,9.2,12,1,3.34,7,2.5,0.79,25,0.41
13.4,0.052,0.51,0.995,8.9,13,1,3.32,7,2.6,0.9,27,0.4
11.6,0.086,0.31,1.0002,8.7,23,1,3.48,6,3,0.74,81,0.69
12.1,0.051,0.23,0.9952,6.5,28,1,3.44,6,8.3,0.55,91,0.39
11,0.07,0.53,0.9972,10.7,5,1,3.15,8,2.6,0.65,16,0.35
9,0.081,0.25,0.9984,7.8,14,1,3.43,6,1.9,0.65,38,0.52
11.1,0.09,0.32,0.9966,7.2,43,1,3.32,5,2.5,0.79,113,0.34
11,0.07,0.53,0.9972,10.7,5,1,3.15,8,2.6,0.65,16,0.35
11.6,0.086,0.31,1.0002,8.7,23,1,3.48,6,3,0.74,81,0.69
9,0.081,0.25,0.9984,7.8,14,1,3.43,6,1.9,0.65,38,0.52
12,0.074,0.73,0.999,10.4,38,1,3.17,7,6.55,0.85,76,0.44
12,0.074,0.73,0.999,10.4,38,1,3.17,7,6.55,0.85,76,0.44
10.9,0.078,0.47,0.9976,10.5,6,1,3.18,7,1.9,1.04,24,0.26
10.8,0.077,0.42,0.9976,10.5,6,1,3.21,7,1.8,1.05,22,0.24
12.5,0.072,0.63,0.9968,10.2,10,1,3.16,7,2.9,0.78,26,0.49
10.8,0.075,0.46,0.9976,10.4,6,1,3.25,7,1.8,1.02,21,0.24
9.5,0.084,0.55,1,11.2,6,1,3.17,6,2.3,0.71,13,0.67
10.2,0.09,0.31,0.9994,10,26,1,3.18,6,2.2,0.63,62,0.59
11.4,0.084,0.75,0.9986,13.3,23,1,3.04,7,2.8,0.68,43,0.29
9.5,0.073,0.49,0.9978,12.4,19,1,3.02,5,4.6,0.61,43,0.42
10.2,0.09,0.31,0.9994,10,26,1,3.18,6,2.2,0.63,62,0.59
9.7,0.125,0.48,0.998,10.7,15,1,3.03,6,2.1,0.81,49,0.4
11.8,0.107,0.64,0.9973,10.5,6,1,3.09,7,2.4,0.66,15,0.51
11.8,0.107,0.64,0.9973,10.5,6,1,3.09,7,2.4,0.66,15,0.51
9.3,0.122,0.49,1.001,8.5,34,1,3.31,5,6.1,1.14,151,0.655
11.9,0.1,0.49,1.001,12.5,5,1,3.25,6,4.3,0.74,14,0.6
8.4,0.2,0.49,0.9994,10.4,5,1,3.16,3,2.1,0.63,16,0.61
11.7,0.088,0.49,0.9972,10.9,11,1,3.22,6,2.8,0.68,32,0.21
11,0.088,0.49,0.9966,7.3,39,1,3.36,5,2.5,0.78,106,0.365
10,0.088,0.49,0.9982,9.8,15,1,3.42,6,2.7,0.9,33,0.25
9.1,0.088,0.49,0.998,7.6,16,1,3.48,5,2,0.64,43,0.41
9.8,0.099,0.49,0.9979,8.2,47,1,3.38,5,2.3,0.99,133,0.39
9.4,0.085,0.49,0.9978,9.3,38,1,3.22,5,2.5,0.55,142,0.4
9.5,0.086,0.49,0.9976,9.2,23,1,3.23,5,2.4,0.64,116,0.43
9.9,0.105,0.24,0.9998,10.4,29,1,3.24,5,2.8,0.67,53,0.64
11,0.088,0.49,0.9966,7.3,39,1,3.36,5,2.5,0.78,106,0.365
11.4,0.097,0.49,0.9962,7,33,1,3.39,6,2.5,0.77,85,0.38
8.7,0.084,0.49,0.9988,8.2,32,1,3.34,6,2.6,0.75,55,0.42
9.4,0.077,0.24,0.9974,9.9,6,1,3.09,5,2.4,0.57,33,0.63
10.3,0.078,0.24,0.999,9.1,1,1,3.41,6,2.1,0.87,28,0.22
10.3,0.098,0.49,1.0004,11.9,12,1,3.16,5,2.7,0.61,42,0.38
10.3,0.098,0.49,1.0004,11.9,12,1,3.16,5,2.7,0.61,42,0.38
12.8,0.072,0.24,0.9956,10.3,15,1,3.22,6,2.1,0.66,33,0.27
10,0.102,0.24,1,10,13,1,3.28,6,2.7,0.56,32,0.48
10.3,0.078,0.24,0.999,9.1,1,1,3.41,6,2.1,0.87,28,0.22
9.4,0.077,0.24,0.9974,9.9,6,1,3.09,5,2.4,0.57,33,0.63
10.7,0.084,0.24,0.9972,8.1,5,1,3.37,6,2.1,0.77,13,0.825
12,0.066,0.49,1.0014,12.9,5,1,3.2,7,5.8,0.66,35,0.35
11.2,0.1,0.74,0.9996,11.2,5,1,3.22,5,5.15,0.62,17,0.5
9.6,0.101,0.24,0.9988,9.2,20,1,3.26,5,3.3,0.67,47,0.59
11,0.064,0.49,0.9988,9.5,5,1,3.21,6,6.3,0.73,17,0.46
9.9,0.07,0.24,0.9966,9.3,5,1,3.12,5,2.1,0.59,20,0.715
11,0.085,0.24,0.9993,11.2,16,1,3.06,6,2.5,0.72,53,0.66
8.4,0.075,0.74,1.0008,14.3,6,1,2.86,6,1.8,0.79,15,0.31
9.1,0.094,0.49,0.9982,9.1,38,1,3.08,5,2.6,0.59,106,0.47
9.5,0.078,0.24,0.9983,7.5,10,1,3.45,6,2,0.78,28,0.55
10.7,0.067,0.49,0.9987,10.6,6,1,3.26,6,2.5,0.86,21,0.31
10.4,0.079,0.49,0.9994,12.4,27,1,3.12,6,2.6,0.75,69,0.35
9.4,0.171,0.49,0.9975,9,6,1,3.27,6,1.9,0.61,25,0.53
9.5,0.074,0.01,0.9958,6.8,9,1,3.33,6,2.1,0.56,25,0.51
10,0.092,0.24,0.998,9.4,14,1,3.19,6,2.8,0.73,45,0.43
10,0.092,0.24,0.998,9.5,14,1,3.12,6,2.7,0.74,44,0.46
11.5,0.05,0.24,0.9934,5,32,1,3.74,5,1.6,0.62,96,1.04
11.1,0.095,0.49,1.00315,15.5,10,1,2.92,5,4.2,0.74,23,0.645
11.1,0.095,0.49,1.00315,15.5,10,1,2.92,5,4.2,0.74,23,0.645
11.7,0.118,0.49,1.0002,10.9,10,1,3.07,6,4.6,0.56,17,0.53
11.1,0.095,0.49,1.00315,15.6,10,1,2.92,5,4.2,0.74,23,0.645
11.7,0.118,0.49,1.0002,10.9,10,1,3.07,6,4.6,0.56,17,0.53
12.7,0.085,0.49,1.0021,13,6,1,3.3,6,4.3,0.68,47,0.47
11.4,0.075,0.49,0.9994,12.7,5,1,3.14,5,2.8,0.57,19,0.6
9.2,0.078,0.49,0.9978,9,26,1,3.23,5,2.4,0.58,121,0.44
9.2,0.094,0.49,0.9982,9,41,1,3.08,5,2.9,0.61,110,0.54
10.1,0.092,0.49,0.9971,7.6,25,1,3.31,6,2.7,0.61,60,0.29
12.7,0.085,0.49,1.0021,13,6,1,3.3,6,4.3,0.68,47,0.47
11.4,0.075,0.49,0.9994,12.7,5,1,3.14,5,2.8,0.57,19,0.6
9,0.226,0.24,0.9991,8.7,5,1,3.32,6,2.5,0.6,15,0.7
9,0.226,0.24,0.9991,8.7,5,1,3.32,6,2.5,0.6,15,0.7
10.7,0.25,0.49,0.999,9.8,5,1,3.31,6,2.6,0.79,20,0.5
11.7,0.095,0.24,0.9946,6.2,19,1,3.57,6,2.2,0.57,42,0.36
11,0.07,0.49,1.0003,11.5,10,1,3.32,6,3.3,0.91,37,0.35
11.7,0.095,0.24,0.9946,6.2,19,1,3.57,6,2.2,0.57,42,0.36
10.4,0.075,0.49,0.9978,10.2,10,1,3.14,5,2.4,0.61,28,0.24
9.6,0.07,0.49,0.9991,10.5,14,1,3.3,4,2.1,0.56,47,0.59
10,0.078,0.49,0.9992,10.6,20,1,3.19,6,3.2,0.7,78,0.34
10.2,0.079,0.49,0.9993,12.3,28,1,3.2,6,3.1,0.8,46,0.27
10,0.103,0.24,0.9978,9.9,6,1,3.34,4,2.3,0.52,14,0.5
9.5,0.083,0.49,0.9982,8.8,18,1,3.3,5,2.8,0.6,111,0.44
9.8,0.085,0.49,0.9982,8.8,17,1,3.29,5,2.9,0.6,110,0.47
9.8,0.063,0.49,0.9976,10.6,18,1,3.14,6,2.2,0.51,40,0.31
9.6,0.089,0.49,1.0002,12.3,5,1,3.19,5,2.2,0.44,14,0.5
9.6,0.089,0.49,1.0002,12.3,5,1,3.19,5,2.2,0.44,14,0.5
9.2,0.083,0.49,1,11.7,5,1,3.19,5,2.2,0.43,15,0.49
9.9,0.074,0.49,0.9976,12,10,1,2.98,7,1.9,0.66,21,0.28
10.7,0.093,0.49,1.0002,11.8,54,1,3.3,7,3.4,0.76,80,0.33
9.6,0.091,0.24,0.998,7.6,8,1,3.47,6,2.4,0.66,38,0.51
10.6,0.094,0.49,0.9986,11.1,16,1,3.12,7,2.7,1.02,47,0.31
9.3,0.108,0.24,0.9967,7.3,18,1,3.26,5,1.9,0.59,102,0.73
14,0.06,0.24,0.9917,5,19,1,3.72,8,2,0.74,50,0.42
10.5,0.059,0.49,0.9976,10.2,5,1,3.05,7,2.6,0.74,13,0.29
9.7,0.084,0.49,0.9987,9,21,1,3.35,5,2.6,0.57,75,0.45
11.5,0.07,0.49,0.9922,6.6,23,1,3.12,6,1.7,0.5,149,0.39
9.7,0.084,0.49,0.9987,9,21,1,3.35,5,2.6,0.57,75,0.45
9,0.094,0.58,1.0004,9.9,9,1,3.29,5,3.5,0.58,43,0.49
9.5,0.096,0.17,0.9978,7.9,20,1,3.4,5,2.6,0.53,38,0.72
9.3,0.086,0.41,0.9998,8.9,30,1,3.27,5,7.9,0.57,109,0.595
9.3,0.059,0.51,0.9994,12.4,6,1,3.04,6,2,0.6,24,0.4
10,0.071,0.58,0.998,11.9,5,1,3.09,6,1.9,0.63,18,0.58
9.8,0.078,0.18,0.9967,8.5,5,1,3.2,6,2.1,0.48,30,0.585
9.3,0.082,0.45,1,12.7,11,1,3,6,2.3,0.7,22,0.59
10,0.088,0.27,0.9962,8.2,7,1,3.26,4,2.1,0.47,23,0.915
9,0.071,0.52,1.0006,13.2,12,1,3.1,6,2.2,0.56,35,0.46
9.3,0.081,0,0.9975,7.7,6,1,3.3,5,2.6,0.52,14,0.835
9,0.071,0.52,1.0006,13.2,12,1,3.1,6,2.2,0.56,35,0.46
9.1,0.096,0.13,0.9984,8.3,14,1,3.17,6,2.9,0.62,63,0.58
9.2,0.085,0.13,0.9984,8.3,6,1,3.31,6,2.6,0.59,24,0.6
12.2,0.072,0.48,0.9973,9.4,10,1,3.34,7,4.6,0.79,20,0.41
10.5,0.092,0.41,0.9982,8.8,26,1,3.31,6,3.3,0.53,52,0.48
10.4,0.11,0.37,1.0026,10.1,11,1,3.32,6,5.1,0.64,65,0.65
12.7,0.075,0.19,0.9956,6.3,15,1,3.56,6,3.2,0.52,39,0.36
9.2,0.083,0.54,0.9983,8.8,25,1,3.39,5,2.5,0.54,57,0.24
9.4,0.081,0.55,1.0006,13.2,5,1,2.98,5,2.7,0.54,16,0.38
10,0.077,0,0.9965,7.5,18,1,3.32,6,2.4,0.6,29,0.64
9.8,0.058,0.38,0.9962,8.2,10,1,3.26,5,1.5,0.74,29,0.39
10.2,0.148,0.18,0.9969,9.2,10,1,2.87,6,2.2,1.36,103,0.755
9.7,0.079,0.5,0.9997,9.6,28,1,3.5,5,2.3,0.57,71,0.6
9.7,0.079,0.5,0.9997,9.6,28,1,3.5,5,2.3,0.57,71,0.6
9.8,0.079,0.51,0.9982,11.5,14,1,3.03,6,2.2,0.93,28,0.31
10.2,0.122,0.5,1.0006,11.4,4,1,3.13,5,2.7,0.7,17,0.46
9.3,0.088,0.41,0.9988,11.3,6,1,3.09,5,2.3,0.8,16,0.37
9.4,0.076,0.24,0.9976,8.3,16,1,3.27,5,3.4,0.61,112,0.54
9.4,0.078,0.23,0.9976,8.2,14,1,3.28,5,3.4,0.62,104,0.56
9.5,0.08,0.22,0.9974,10,9,1,3.13,5,1.9,0.55,32,0.58
12.1,0.077,0.25,0.9974,7.9,21,1,3.49,6,2.9,0.96,45,0.51
10.2,0.124,0,0.9997,6.8,21,1,3.46,5,5.6,0.72,58,0.69
10.2,0.124,0,0.9997,6.8,21,1,3.46,5,5.6,0.72,58,0.69
9.1,0.098,0.29,0.9988,8.8,5,1,3.36,5,2.2,0.49,15,0.6
9.1,0.098,0.29,0.9988,8.8,5,1,3.36,5,2.2,0.49,15,0.6
9.3,0.097,0.26,0.9976,8.7,7,1,3.27,6,2.5,0.6,31,0.54
9.3,0.111,0.23,0.9964,7.6,20,1,3.21,5,2.3,0.61,84,0.685
9.3,0.097,0.26,0.9976,8.7,7,1,3.27,6,2.5,0.6,31,0.54
9.5,0.105,0.54,0.9988,10.4,5,1,3.25,5,2.7,0.63,19,0.28
10.5,0.087,0.14,0.9964,7.6,21,1,3.32,6,3,0.57,43,0.41
11.3,0.105,0.22,1.001,10.1,11,1,3.43,4,3.4,0.64,86,0.935
9.5,0.073,0.21,0.9964,7.9,46,1,3.27,5,1.9,0.58,102,0.35
9.7,0.065,0,0.9954,8.7,24,1,3.27,5,1.4,0.55,33,0.84
9.4,0.086,0.28,0.9979,9.6,30,1,3.24,5,2.4,0.53,147,0.88
9.4,0.084,0.27,0.9978,9.5,31,1,3.24,5,2.3,0.53,145,0.885
10.2,0.143,0.12,0.9964,7.7,7,1,3.35,7,2.2,0.65,23,0.915
10.3,0.067,0.35,0.997,8.9,25,1,3.18,6,1.9,1.36,57,0.29
9.4,0.071,0.45,0.9991,9.9,16,1,3.39,5,2.3,0.62,40,0.54
9.5,0.071,0.44,0.9992,9.5,21,1,3.46,5,2.3,0.63,68,0.59
9.4,0.071,0.45,0.9991,9.9,16,1,3.39,5,2.3,0.62,40,0.54
9.5,0.071,0.44,0.9992,9.5,21,1,3.46,5,2.3,0.63,68,0.59
9.4,0.071,0.45,0.9991,9.9,16,1,3.39,5,2.3,0.62,40,0.54
10.1,0.115,0.1,0.9984,7.8,5,1,3.37,7,6,0.69,11,0.64
10.1,0.107,0.05,0.9972,7.3,6,1,3.4,5,3.6,0.63,20,0.67
11,0.07,0.01,0.9967,8.3,5,1,3.32,4,2.2,0.58,14,0.845
11.2,0.066,0.3,0.9964,8.7,10,1,3.33,7,2.8,0.67,28,0.48
11.3,0.068,0.27,0.9948,6.7,24,1,3.16,6,8.6,0.57,148,0.42
9.6,0.106,0.39,0.9986,10.7,8,1,2.89,5,2.2,0.5,32,0.43
11.2,0.104,0.25,1.001,9.8,35,1,3.41,5,2.5,0.67,155,0.88
14.9,0.096,0.65,0.9976,15.9,22,1,2.98,5,7.5,0.84,71,0.36
12,0.079,0.59,0.9976,9.4,9,1,3.12,6,2.8,0.54,30,0.33
9.5,0.074,0.47,0.9979,8.6,7,1,3.08,5,2.4,0.46,29,0.47
9.4,0.087,0.17,1.0004,9.7,20,1,3.14,5,2.9,0.61,53,0.55
9.6,0.106,0.39,0.9986,10.7,8,1,2.89,5,2.2,0.5,32,0.43
10.5,0.073,0.59,0.998,12,23,1,2.92,7,1.4,0.68,42,0.5
9.6,0.074,0.07,0.9973,7.2,5,1,3.32,6,1.4,0.81,20,0.52
11,0.096,0.02,0.997,7.1,5,1,3.41,4,4.4,0.57,13,0.84
9.6,0.074,0.07,0.9973,7.2,5,1,3.32,6,1.4,0.81,20,0.52
9,0.08,0.31,0.9978,7.5,15,1,3.31,5,1.6,0.64,42,0.42
9.6,0.076,0.06,0.9972,7.2,9,1,3.36,6,1.6,0.7,27,0.57
10.2,0.05,0.46,0.9974,10.1,5,1,3.04,6,1.8,0.79,13,0.28
10.2,0.092,0.52,1,12.1,15,1,3.03,5,2,0.66,54,0.4
9.7,0.084,0.14,0.9981,9.4,25,1,3.14,5,2,0.56,48,0.59
9.5,0.222,0.36,0.998,8.3,6,1,3.18,6,1.8,0.6,16,0.49
9.2,0.082,0.45,0.9988,11.3,6,1,2.94,6,2,0.66,15,0.34
11,0.059,0.43,0.9966,10,15,1,3.15,5,2.3,0.57,31,0.73
9.2,0.082,0.45,0.9988,11.3,6,1,2.94,6,2,0.66,15,0.34
10,0.083,0.24,0.9959,6.9,30,1,3.26,5,2.5,0.58,45,0.4
9.5,0.074,0.21,0.9968,8.2,5,1,3.2,5,1.7,0.52,13,0.73
9.5,0.079,0.34,0.998,9.8,32,1,3.15,5,2,0.53,151,1.24
9.5,0.074,0.21,0.9968,8.2,5,1,3.2,5,1.7,0.52,13,0.73
9.3,0.084,0.41,0.9984,10.8,7,1,3.08,6,2.2,0.67,17,0.4
10.2,0.064,0.39,0.9984,9.3,12,1,3.26,5,2.2,0.65,31,0.41
9.3,0.084,0.41,0.9984,10.8,7,1,3.08,6,2.2,0.67,17,0.4
9.9,0.084,0.11,0.9979,8.6,12,1,3.4,5,2.3,0.48,31,0.8
10,0.081,0.1,0.9983,8.3,45,1,3.48,5,2.6,0.53,87,0.78
9.6,0.06,0.45,0.9972,10.8,20,1,3.13,5,3.3,0.54,49,0.26
9,0.07,0.58,1.0004,13.3,15,1,3.06,5,1.9,0.49,40,0.43
10.2,0.094,0.23,0.9962,8,16,1,3.21,6,2.2,0.49,29,0.45
9.8,0.078,0.31,0.998,8.5,32,1,3.33,5,2.25,0.54,58,0.46
11.3,0.059,0.23,0.997,8.1,5,1,3.37,5,2.6,0.56,15,0.78
9.4,0.078,0.32,0.998,9.8,35,1,3.25,5,2.3,0.48,152,0.98
11.3,0.059,0.23,0.997,8.1,5,1,3.37,5,2.6,0.56,15,0.78
9.1,0.07,0.18,0.997,7.1,13,1,3.44,5,1.8,0.6,40,0.65
9.7,0.095,0.23,0.9998,9.1,13,1,3.28,5,3.1,0.59,38,0.64
9.4,0.039,0.04,0.9962,7.7,4,1,3.4,5,1.6,0.47,9,0.66
9.4,0.157,0.48,0.9976,8.1,5,1,3.3,5,1.8,1.05,17,0.38
10.7,0.097,0,0.9966,7.4,5,1,3.63,3,4.25,0.54,14,1.185
9.8,0.087,0.24,0.9998,9.2,12,1,3.48,5,2.6,0.54,93,0.92
9,0.422,0.51,0.9979,8.6,16,1,3.03,5,2,1.17,62,0.49
9.4,0.084,0.32,0.9984,9,21,1,3.32,5,2.8,0.62,122,0.48
9.4,0.084,0.31,0.9984,9,24,1,3.31,5,2.7,0.61,125,0.47
12.8,0.034,0.02,0.9921,5.1,18,1,3.9,6,1.3,0.62,44,0.47
9.5,0.066,0.02,0.9972,7,8,1,3.47,6,2.1,0.67,25,0.65
9.5,0.066,0.02,0.9972,7,8,1,3.47,6,2.1,0.67,25,0.65
9.7,0.087,0.28,1.0001,9.4,18,1,3.31,5,3.2,0.53,72,0.615
10.8,0.071,0.55,0.9986,11.8,5,1,3.11,6,2.1,0.62,19,0.38
10.1,0.076,0.43,0.9984,10.6,26,1,3.08,6,2.9,0.57,88,1.02
9.5,0.066,0.02,0.9972,7,8,1,3.47,6,2.1,0.67,25,0.65
9.4,0.067,0.02,0.997,7,9,1,3.47,6,2.1,0.67,23,0.64
9.6,0.073,0.48,0.9972,7.5,22,1,3.32,4,2.6,0.7,84,0.38
9.7,0.078,0.04,0.998,9.1,4,1,3.29,4,1.6,0.54,14,0.765
9.9,0.073,0.15,0.999,8.4,11,1,3.37,5,6,0.49,54,1.035
10,0.093,0.08,0.9956,7,10,1,3.4,5,2,0.47,19,0.78
10.5,0.077,0.19,0.9966,7.4,16,1,3.37,5,3,0.51,37,0.49
11.6,0.068,0.12,0.996,7.8,11,1,3.34,6,2.5,0.61,35,0.545
10,0.062,0.47,0.9983,9.7,13,1,3.27,6,1.6,0.66,33,0.31
10.1,0.08,0.43,0.9985,10.6,21,1,3.06,5,2.8,0.57,84,1.025
9.5,0.093,0.34,0.9998,8.9,16,1,3.38,5,3,0.61,112,0.565
9.4,0.084,0,0.9992,8.7,13,1,3.36,5,3.2,0.45,33,0.69
9.4,0.075,0.36,0.9976,8,10,1,3.34,5,2.3,0.46,48,0.43
9.8,0.078,0.28,0.998,9.9,21,1,3.28,5,2.6,0.51,77,0.74
9.2,0.069,0.18,0.9967,7.2,13,1,3.29,6,2.7,0.48,34,0.49
9.4,0.075,0.36,0.9976,8,10,1,3.34,5,2.3,0.46,48,0.43
10,0.079,0.11,0.9968,7.6,12,1,3.21,5,2.6,0.57,49,0.46
9.6,0.082,0.04,0.9976,8.4,10,1,3.22,5,2,0.44,22,0.56
9.5,0.086,0,0.9976,7.1,17,1,3.46,5,3.9,0.54,45,0.66
9.6,0.082,0.04,0.9976,8.4,10,1,3.22,5,2,0.44,22,0.56
9.2,0.094,0.24,0.9982,8.9,35,1,3.1,5,2.85,0.53,106,0.48
10,0.084,0.08,0.9968,7.6,15,1,3.21,5,2.7,0.59,48,0.42
9.5,0.053,0.3,0.9965,7.1,36,1,2.94,5,2.2,1.62,127,0.31
11.2,0.086,0.1,0.9958,7.5,5,1,3.54,4,3.1,0.6,12,1.115
10.4,0.077,0.17,0.9976,9,5,1,3.29,5,3,0.55,13,0.66
11.1,0.084,0.09,0.9994,8.1,18,1,3.43,6,2.8,0.72,49,0.72
9.5,0.067,0.02,0.997,6.4,4,1,3.46,5,1.8,0.68,11,0.57
9.5,0.067,0.02,0.997,6.4,4,1,3.46,5,1.8,0.68,11,0.57
12.7,0.071,0.03,0.995,6.4,27,1,3.61,6,3.2,0.49,58,0.865
9.6,0.387,0.66,0.9982,9.5,12,1,3.17,5,2.3,0.67,37,0.55
11.5,0.088,0.13,0.9994,8.9,4,1,3.44,5,3.45,0.52,14,0.875
9.6,0.092,0.03,0.9966,7.3,10,1,3.39,5,2.1,0.47,19,0.835
9.5,0.082,0.34,0.998,7,16,1,3.55,5,2.7,0.6,72,0.45
9.3,0.075,0.2,0.9987,7.7,9,1,3.48,5,2,0.62,39,0.56
9.5,0.112,0.1,0.9963,7.7,11,1,3.26,5,2.1,0.5,22,0.965
9.5,0.112,0.1,0.9963,7.7,11,1,3.26,5,2.1,0.5,22,0.965
9.3,0.093,0,1.0002,8.2,19,1,3.5,6,2.5,0.65,58,0.59
9.2,0.092,0.23,0.9983,9,28,1,3.1,5,2.8,0.56,104,0.46
9.3,0.088,0,0.999,9,19,1,3.35,5,2.4,0.6,38,0.69
11.5,0.075,0.29,0.9965,8.3,12,1,3.45,6,4.2,0.68,16,0.76
9.5,0.078,0.24,0.99788,9.2,28,1,3.21,5,2.6,0.57,139,0.53
9.2,0.065,0,0.9972,6.5,9,1,3.46,5,1.9,0.65,18,0.615
10,0.096,0.58,1.00024,11.6,25,1,3.13,5,2.8,0.53,101,0.41
9.5,0.095,0.54,1.0001,11.1,21,1,3.13,5,2.7,0.51,101,0.39
9.5,0.07,0.18,0.99768,7.3,12,1,3.52,6,2.1,0.73,28,0.51
9,0.08,0.38,0.9978,8.2,12,1,3.3,6,2.5,0.47,57,0.34
9.4,0.083,0.4,0.99782,8.6,16,1,3.3,5,2.6,0.48,68,0.33
9.6,0.071,0.18,0.99761,7.2,12,1,3.52,6,2.1,0.72,31,0.5
9.5,0.07,0.18,0.99768,7.3,12,1,3.52,6,2.1,0.73,28,0.51
9.5,0.089,0.1,0.99803,8.3,17,1,3.29,5,2.9,0.55,40,0.65
9.5,0.089,0.1,0.99803,8.3,17,1,3.29,5,2.9,0.55,40,0.65
9.4,0.097,0.13,0.99785,7.6,24,1,3.39,5,2.5,0.61,66,0.54
9.5,0.089,0.1,0.99803,8.3,17,1,3.29,5,2.9,0.55,40,0.65
9.1,0.415,0.68,0.99656,7.8,14,1,3.09,6,1.7,1.06,32,0.48
10.7,0.058,0.07,0.99525,7.8,22,1,3.51,6,1.9,0.43,47,0.91
11.2,0.057,0.01,0.99488,6.3,15,1,3.6,6,2,0.46,33,0.98
9.8,0.084,0,0.99656,8.1,10,1,3.25,5,2.2,0.5,31,0.87
9.8,0.084,0,0.99656,8.1,10,1,3.25,5,2.2,0.5,31,0.87
9.2,0.092,0.21,0.99823,8.8,33,1,3.19,5,2.5,0.52,88,0.42
9.7,0.075,0.25,0.99779,9,9,1,3.23,5,2.8,0.57,104,0.58
9.6,0.096,0.26,0.99738,9.3,5,1,3.25,5,2,0.42,35,0.655
10,0.069,0,0.99701,8.8,8,1,3.31,6,1.7,0.53,19,0.7
9.6,0.096,0.26,0.99738,9.3,5,1,3.25,5,2,0.42,35,0.655
9.5,0.093,0.11,0.99888,9.1,11,1,3.31,6,2.8,0.55,44,0.68
9.5,0.091,0.1,0.99888,9.2,12,1,3.31,6,3,0.54,48,0.67
9.4,0.089,0.18,0.99738,8.8,12,1,3.14,5,2.9,0.54,74,0.59
9.5,0.103,0.32,0.99938,7.5,13,1,3.45,5,2.7,0.62,98,0.6
9.7,0.082,0.02,0.99744,7.1,24,1,3.55,6,2.3,0.53,94,0.59
9.6,0.076,0.01,0.99668,7.9,7,1,3.39,5,1.9,0.54,32,0.72
9.7,0.082,0.02,0.99744,7.1,24,1,3.55,6,2.3,0.53,94,0.59
9.4,0.082,0.26,0.9978,9.4,23,1,3.28,5,2.4,0.55,143,0.685
9.4,0.082,0.27,0.99782,9.5,23,1,3.27,5,2.3,0.55,144,0.57
9.5,0.157,0.29,0.9973,7.9,1,1,3.3,6,1.8,0.92,44,0.4
9.5,0.157,0.3,0.99727,7.9,2,1,3.31,6,1.8,0.91,45,0.4
10,0.102,0,0.99586,7.2,7,1,3.43,5,3,0.46,16,1
10.3,0.243,0.18,0.99612,6.9,5.5,1,3.4,6,2.4,0.6,48,0.765
10.3,0.241,0.17,0.9961,6.9,6,1,3.4,6,2.4,0.59,18,0.635
10.5,0.079,0.3,0.99788,8.3,7,1,3.36,5,3.4,0.61,34,0.43
9.8,0.076,0.03,0.99745,7.1,21,1,3.5,5,2.6,0.6,92,0.52
9.4,0.19,0,0.99676,7,12,1,3.31,6,2,0.6,45,0.57
9.8,0.114,0.14,0.99732,6.5,9,1,3.66,5,2.4,0.65,37,0.46
10,0.081,0.05,0.99814,9,26,1,3.36,5,2.4,0.53,96,0.82
9.8,0.114,0.14,0.99732,6.5,9,1,3.66,5,2.4,0.65,37,0.46
9.8,0.077,0.01,0.99746,7.1,20,1,3.55,5,2.5,0.59,85,0.59
9.5,0.083,0.41,0.9982,9.9,11,1,3.21,5,2.3,0.5,61,0.35
9.5,0.083,0.41,0.9982,9.9,11,1,3.21,5,2.3,0.5,61,0.35
10.1,0.079,0.24,0.9991,10,19,1,3.18,6,2.2,0.56,58,0.56
10.1,0.079,0.24,0.9991,10,19,1,3.18,6,2.2,0.56,58,0.56
9.3,0.099,0.17,0.998,8.6,21,1,3.09,5,2.9,0.52,119,0.63
9.7,0.082,0.43,0.99708,7.4,18,1,3.33,6,2.6,0.68,82,0.37
9.6,0.084,0.17,0.99818,8.8,25,1,3.23,5,2.9,0.54,130,0.64
9.7,0.081,0.02,0.99745,7.1,17,1,3.48,6,2.5,0.6,87,0.61
10.8,0.055,0,0.99639,7.7,7,1,3.38,5,2.6,0.56,13,0.6
12.5,0.065,0.54,0.99531,10.1,7,1,3.17,6,2.3,0.53,26,0.27
10.2,0.132,0.3,0.99786,10.8,7,1,2.99,5,2.6,1.18,60,0.89
9.6,0.126,0.31,0.99746,8.7,24,1,3.1,5,2.5,0.74,64,0.46
10.8,0.038,0.44,0.99526,9.3,21,1,3.24,7,1.6,0.81,42,0.37
10.7,0.082,0.34,0.9987,9.4,5,1,3.29,6,3.6,0.52,14,0.5
10.7,0.082,0.34,0.9987,9.4,5,1,3.29,6,3.6,0.52,14,0.5
9.4,0.082,0.08,0.99641,7.2,26,1,3.25,5,4,0.51,108,0.61
10,0.068,0.09,0.99735,8.6,8,1,3.23,5,3.3,0.44,17,0.55
12.9,0.044,0,0.99264,5.1,14,1,3.56,7,1.7,0.94,86,0.585
9.6,0.114,0.08,0.9971,7.7,14,1,3.24,6,2.5,0.66,46,0.56
9.9,0.084,0.22,0.99682,8.4,4,1,3.26,6,2.7,0.57,18,0.52
12.8,0.052,0.4,0.99356,8.2,4,1,3.33,7,2.4,0.7,10,0.28
12.5,0.041,0.39,0.99386,8.4,4,1,3.27,7,2,0.71,10,0.25
12.8,0.052,0.4,0.99356,8.2,4,1,3.33,7,2.4,0.7,10,0.28
9.2,0.165,0.12,0.99702,7.4,4,1,3.26,5,1.9,0.86,12,0.53
10.3,0.07,0.31,0.99693,7.6,4,1,3.22,6,2.8,0.55,15,0.48
10.5,0.068,0.1,0.99562,7.3,4,1,3.3,5,2.6,0.47,14,0.49
10.9,0.072,0.55,1.00012,12.9,7,1,3.09,6,2.8,0.68,24,0.5
10.8,0.099,0.33,0.99818,10.8,20,1,3.24,5,2.5,0.71,38,0.45
11.4,0.102,0.24,0.99462,6.9,4,1,3.44,4,2.1,0.58,7,0.39
11.3,0.103,0.54,0.99939,12.6,19,1,3.21,6,2.8,0.76,41,0.41
10.8,0.099,0.33,0.99818,10.8,20,1,3.24,5,2.5,0.71,38,0.45
10.5,0.081,0.19,0.9984,9.8,8,1,3.23,6,3.2,0.58,30,0.51
11.9,0.084,0.42,0.99545,10.8,19,1,3.28,6,1.6,0.73,27,0.29
9.4,0.071,0,0.99632,7.1,21,1,3.29,5,2.35,0.45,47,0.715
9.6,0.097,0.15,0.99976,9.1,9,1,3.28,5,3.2,0.54,59,0.66
9.7,0.099,0,0.99606,7,9,1,3.34,5,1.9,0.6,22,0.685
14,0.048,0,0.99154,4.9,16,1,3.71,7,2.1,0.74,42,0.42
9.8,0.076,0.13,0.9973,6.7,15,1,3.61,5,2,0.64,36,0.54
9.8,0.076,0.13,0.9973,6.7,15,1,3.61,5,2,0.64,36,0.54
10.3,0.068,0.28,0.99682,7.1,6,1,3.24,5,2.8,0.53,16,0.48
10.7,0.076,0.14,0.99624,7.1,15,1,3.36,5,2.8,0.49,37,0.46
11,0.05,0.34,0.9951,7.5,4,1,3.4,7,2.3,0.64,8,0.27
10.7,0.076,0.14,0.99624,7.1,15,1,3.36,5,2.8,0.49,37,0.46
12.7,0.065,0.09,0.99417,7.8,34,1,3.46,8,2.3,0.74,45,0.57
11.1,0.071,0.08,0.99376,5.9,16,1,3.56,6,2.1,0.77,24,0.61
10.9,0.058,0.07,0.99632,7.5,5,1,3.38,4,2.5,0.55,9,0.685
11.1,0.071,0.08,0.99376,5.9,16,1,3.56,6,2.1,0.77,24,0.61
9.9,0.145,0.42,0.99832,10.4,34,1,3.38,3,1.5,0.86,48,0.44
9.9,0.147,0.44,0.99836,11.6,36,1,3.38,4,1.6,0.86,51,0.47
9.4,0.088,0.26,0.99694,8.8,16,1,3.32,5,1.6,0.47,23,0.685
9.3,0.066,0.1,0.99655,7.6,27,1,3.39,5,1.5,0.51,55,0.665
11.7,0.012,0.28,0.99064,6.7,36,1,3.26,7,2.4,0.39,100,0.28
11.7,0.012,0.28,0.99064,6.7,36,1,3.26,7,2.4,0.39,100,0.28
11.2,0.075,0.35,0.99672,10.1,9,1,3.24,7,1.6,0.83,28,0.31
10,0.092,0.04,0.99647,6,13,1,3.46,5,2.2,0.47,26,0.5
12.1,0.085,0.47,0.99736,11.1,9,1,3.24,7,2.65,0.77,34,0.42
10.3,0.115,0,0.99629,6.6,21,1,3.45,5,3,0.63,31,0.66
10.9,0.119,0.45,0.99708,10.6,34,1,3.23,6,2.6,0.72,68,0.5
9.4,0.088,0.35,0.9963,7.1,9,1,3.28,5,2,0.62,92,0.685
10.6,0.062,0.46,0.9959,9.9,26,1,3.18,6,1.7,0.83,42,0.25
9.8,0.081,0.21,0.99689,6.4,14,1,3.59,5,1.8,0.66,31,0.64
9.8,0.081,0.21,0.99689,6.4,14,1,3.59,5,1.8,0.66,31,0.64
9.9,0.078,0.16,0.9977,7.4,12,1,3.5,6,1.8,0.7,39,0.68
9.8,0.081,0.21,0.99689,6.4,14,1,3.59,5,1.8,0.66,31,0.64
9.8,0.08,0.21,0.99689,6.4,12,1,3.58,5,1.6,0.66,32,0.63
9.5,0.085,0.44,0.99708,9.3,9,1,3.28,5,1.9,0.55,22,0.43
9.5,0.085,0.44,0.99708,9.3,9,1,3.28,5,1.9,0.55,22,0.43
9.7,0.08,0.32,0.99801,8,26,1,3.22,5,2.5,1.07,122,0.42
10.9,0.08,0.39,0.99652,9.3,41,1,3.47,6,1.5,0.73,55,0.36
10.9,0.08,0.39,0.99652,9.3,41,1,3.47,6,1.5,0.73,55,0.36
11.7,0.071,0.02,0.99538,7.6,10,1,3.51,7,2.5,0.71,14,0.735
10.9,0.08,0.39,0.99652,9.3,41,1,3.47,6,1.5,0.73,55,0.36
11.3,0.073,0.34,0.99594,8.2,16,1,3.4,7,2.5,0.78,47,0.26
10.6,0.054,0.47,0.99686,11.7,17,1,3.15,7,1.7,0.67,32,0.28
11.2,0.074,0.22,0.99438,6.8,15,1,3.4,6,1.8,0.82,24,0.56
9.5,0.077,0.06,0.99746,7.2,15,1,3.51,5,2.7,0.54,85,0.62
11.5,0.039,0.66,0.99357,5.8,15,1,3.66,6,2,0.6,88,1.01
10.4,0.067,0.32,0.99628,7.5,7,1,3.24,5,2.7,0.44,25,0.42
9.7,0.078,0.06,0.99746,7.2,17,1,3.51,5,2.5,0.53,84,0.62
9.5,0.077,0.06,0.99746,7.2,15,1,3.51,5,2.7,0.54,85,0.62
9.7,0.077,0.07,0.99748,7.2,16,1,3.51,5,2.6,0.54,86,0.635
11.3,0.071,0.22,0.99438,6.8,13,1,3.41,6,2.3,0.83,24,0.49
11.2,0.072,0.23,0.99438,6.9,13,1,3.4,6,2,0.84,22,0.51
11.2,0.074,0.22,0.99438,6.8,15,1,3.4,6,1.8,0.82,24,0.56
10.9,0.08,0.03,0.99578,7.6,27,1,3.44,6,2,0.64,43,0.63
11.8,0.064,0.01,0.99371,7.7,31,1,3.41,6,2.1,0.57,43,0.715
10.6,0.086,0.03,0.99522,6.9,36,1,3.53,5,1.5,0.57,46,0.56
10,0.067,0.24,0.99576,7.3,28,1,3.43,4,2,0.54,48,0.35
11.1,0.067,0.37,0.99552,9.1,6,1,3.23,7,1.6,0.58,10,0.21
11.8,0.104,0.46,0.99664,10.4,6,1,3.12,7,2.1,0.65,10,0.38
11.8,0.109,0.4,0.99614,8.8,7,1,3.31,7,2.8,0.79,16,0.31
10.9,0.067,0,0.99517,7.1,7,1,3.4,4,2.2,0.58,14,0.47
11.8,0.064,0.01,0.99371,7.7,31,1,3.41,6,2.1,0.57,43,0.715
10,0.094,0.19,0.99787,8.8,30,1,3.22,6,4,0.5,69,0.61
9.5,0.076,0.04,0.99745,7.2,18,1,3.53,5,2.5,0.55,88,0.6
9.9,0.078,0.18,0.99576,9.2,10,1,3.15,5,1.6,0.49,21,0.56
11.4,0.068,0,0.99533,7.6,30,1,3.48,6,2.1,0.65,35,0.715
12,0.194,0.29,0.99536,8.4,14,1,3.22,6,3.1,0.78,26,0.31
9.5,0.076,0.04,0.99745,7.2,18,1,3.53,5,2.5,0.55,88,0.6
10,0.094,0.19,0.99787,8.8,30,1,3.22,6,4,0.5,69,0.61
10.5,0.086,0.14,0.99824,8.9,9,1,3.34,5,2.5,0.64,30,0.75
10.4,0.083,0.12,0.99836,9,8,1,3.33,6,2.4,0.65,28,0.8
12.1,0.066,0.38,0.99577,10.7,29,1,3.15,7,2.6,0.79,56,0.52
11.2,0.072,0,0.99491,6.8,32,1,3.43,6,2.5,0.56,64,0.57
9.3,0.112,0.34,1.00289,10.7,23,1,3.22,5,6.6,0.68,99,0.9
10.1,0.071,0.24,0.99576,7.2,30,1,3.44,5,2,0.58,52,0.34
9.7,0.078,0.03,0.99743,7.2,16,1,3.53,5,2.3,0.57,86,0.66
9.3,0.082,0.23,0.99774,10.1,10,1,3.22,6,1.9,0.65,18,0.45
9.7,0.078,0.03,0.99743,7.2,16,1,3.53,5,2.3,0.57,86,0.66
9.8,0.08,0.03,0.99745,7.2,17,1,3.53,6,2.2,0.58,88,0.63
10.7,0.08,0.01,0.9955,7.1,27,1,3.42,6,2.3,0.58,43,0.59
12.5,0.078,0.39,0.99444,8.3,17,1,3.31,7,2.4,0.77,43,0.31
10.7,0.08,0.01,0.9955,7.1,27,1,3.42,6,2.3,0.58,43,0.59
12.5,0.078,0.39,0.99444,8.3,17,1,3.31,7,2.4,0.77,43,0.31
11,0.084,0.02,0.99892,8.3,6,1,3.48,3,3.4,0.49,11,1.02
11.8,0.056,0.36,0.99562,8.9,10,1,3.4,5,2.6,0.69,39,0.31
10.8,0.08,0.1,0.99736,7.4,16,1,3.58,7,2.4,0.69,33,0.635
10.8,0.08,0.1,0.99736,7.4,16,1,3.58,7,2.4,0.69,33,0.635
10.8,0.06,0.06,0.9962,6.8,11,1,3.41,7,6,0.59,18,0.59
10.8,0.06,0.06,0.9962,6.8,11,1,3.41,7,6,0.59,18,0.59
9.5,0.081,0.2,0.998,9.2,15,1,3.23,5,3,0.59,115,0.58
11,0.084,0.27,0.9964,7.2,12,1,3.39,5,2.6,0.71,78,0.54
11.5,0.079,0,0.9948,6.1,6,1,3.59,6,2.2,0.54,9,0.56
10.8,0.078,0.13,0.99528,7.4,34,1,3.43,6,2.4,0.59,61,0.52
11.5,0.059,0.39,0.99331,7.3,7,1,3.29,6,1.2,0.52,11,0.305
13.2,0.132,0.48,0.99577,9.3,3,1,3.23,6,3.8,0.57,11,0.38
10.9,0.114,0.46,0.99901,9.1,3,1,3.18,6,9,0.6,9,0.28
12.2,0.065,0.44,0.99674,10,4,1,3.33,6,2.9,0.62,8,0.46
12.2,0.094,0.46,0.99639,9.4,3,1,3.27,7,4.6,0.64,10,0.395
11.5,0.059,0.39,0.99331,7.3,7,1,3.29,6,1.2,0.52,11,0.305
11.9,0.079,0.4,0.99512,8.6,3,1,3.27,6,2.2,0.67,6,0.315
11,0.161,0.19,0.99395,5.3,7,1,3.62,5,1.5,0.61,62,0.715
10.1,0.084,0.31,0.99824,6.8,26,1,3.38,6,8.8,0.64,45,0.41
11,0.081,0.32,0.9964,8.4,32,1,3.3,6,2.2,0.72,79,0.36
11.8,0.072,0.12,0.99504,8.4,38,1,3.38,6,1.8,0.89,46,0.62
10.5,0.091,0.37,0.99786,9.6,10,1,3.24,5,2.3,0.56,23,0.41
11,0.081,0.32,0.9964,8.4,32,1,3.3,6,2.2,0.72,79,0.36
11.8,0.072,0.12,0.99504,8.4,38,1,3.38,6,1.8,0.89,46,0.62
10.1,0.084,0.31,0.99824,6.8,26,1,3.38,6,8.8,0.64,45,0.41
11.2,0.055,0.27,0.99516,8.6,14,1,3.18,5,2.3,0.8,28,0.47
11,0.064,0.36,0.99604,8.6,53,1,3.47,7,1.9,0.87,77,0.22
10.2,0.061,0.33,0.99786,9.4,52,1,3.47,6,2.3,0.9,73,0.24
9.2,0.093,0.19,0.99736,8.4,11,1,3.2,4,2.2,0.59,75,0.67
11.2,0.055,0.27,0.99516,8.6,14,1,3.18,5,2.3,0.8,28,0.47
12,0.063,0.38,0.99468,8.7,10,1,3.3,7,3.3,0.73,19,0.33
10.5,0.08,0.01,0.99746,6.6,8,1,3.69,5,1.9,0.73,25,0.61
9.8,0.074,0.01,0.99748,7.4,13,1,3.48,5,2,0.65,38,0.61
9.5,0.078,0.29,0.9971,7.6,29,1,3.45,6,1.9,0.59,66,0.4
9.8,0.074,0.01,0.99748,7.4,13,1,3.48,5,2,0.65,38,0.61
10.5,0.08,0.01,0.99746,6.6,8,1,3.69,5,1.9,0.73,25,0.61
11.8,0.06,0.38,0.99543,8.8,19,1,3.39,6,2.3,0.72,72,0.3
11.8,0.06,0.38,0.99543,8.8,19,1,3.39,6,2.3,0.72,72,0.3
10.4,0.071,0.5,0.99791,12,6,1,3.07,4,1.4,0.6,26,0.63
12.9,0.068,0.38,0.99356,7.2,23,1,3.34,7,2.8,0.72,42,0.38
11.4,0.073,0.17,0.99425,6.2,7,1,3.61,5,1.6,0.54,11,0.46
12.4,0.074,0.52,0.99509,9.6,13,1,3.36,7,2.2,0.76,25,0.33
12.5,0.082,0.49,0.99484,9.9,9,1,3.19,7,5,0.52,17,0.27
10,0.092,0.4,0.99834,10.1,13,1,3.22,7,2.6,0.64,52,0.43
9.7,0.094,0.34,0.99864,9.8,10,1,3.24,7,2.3,0.6,45,0.5
12.1,0.09,0.49,0.99498,8.3,11,1,3.27,7,3.8,0.64,24,0.3
11.1,0.071,0.42,0.99566,10.2,7,1,3.14,7,2,0.79,20,0.44
12,0.092,0.58,0.99745,10.2,11,1,3.29,7,4.1,0.99,24,0.44
12.4,0.093,0.48,0.99408,8.3,6,1,3.26,7,2.1,0.62,12,0.28
11.9,0.075,0.45,0.99552,8.9,10,1,3.41,7,1.8,0.76,21,0.12
11.9,0.075,0.45,0.99552,8.9,10,1,3.41,7,1.8,0.76,21,0.12
11.9,0.075,0.45,0.99552,8.9,10,1,3.41,7,1.8,0.76,21,0.12
12.4,0.093,0.48,0.99408,8.3,6,1,3.26,7,2.1,0.62,12,0.28
11.2,0.058,0.4,0.99536,8.2,6,1,3.31,7,2.2,0.68,10,0.31
12.1,0.052,0.48,0.99458,10.2,5,1,3.2,7,2.1,0.69,9,0.34
12.2,0.082,0.4,0.99538,7.6,6,1,3.44,6,2.7,0.54,11,0.43
10.4,0.09,0.52,0.99648,8.5,9,1,3.36,5,1.9,0.67,23,0.21
11.3,0.111,0.52,0.99568,9,5,1,3.31,6,2.1,0.62,10,0.36
11.1,0.088,0.52,0.99613,9.5,12,1,3.29,6,2,0.58,51,0.37
11.3,0.12,0.12,0.99519,6.4,25,1,3.47,7,2.3,0.71,36,0.57
10,0.089,0.05,0.99735,8,12,1,3.36,5,2,0.61,32,0.59
11.1,0.058,0.27,0.99518,8.5,18,1,3.16,6,1.9,0.85,38,0.47
9.3,0.078,0.14,0.99592,7.1,7,1,3.27,5,1.6,0.62,18,0.56
9.5,0.115,0.02,0.99654,6.6,6,1,3.38,5,2.1,0.69,16,0.57
11.2,0.1,0.39,0.99546,8.8,20,1,3.15,6,2,0.69,27,0.27
11.1,0.058,0.27,0.99518,8.5,18,1,3.16,6,1.9,0.85,38,0.47
11,0.065,0.4,0.99554,8.3,24,1,3.34,6,2.4,0.86,48,0.34
11.9,0.103,0.41,0.99604,9,6,1,3.13,7,2.4,0.58,10,0.38
9.2,0.097,0.2,0.99733,8.5,23,1,3.13,5,2.1,0.48,113,0.66
12.2,0.068,0.43,0.9943,9,29,1,3.2,6,2.4,0.6,46,0.4
10.2,0.079,0.09,0.99669,6.7,7,1,3.46,5,2.9,0.61,22,0.56
10.9,0.066,0.48,0.99724,10.4,6,1,3.33,6,1.9,0.87,10,0.26
10.9,0.066,0.48,0.99724,10.4,6,1,3.33,6,1.9,0.87,10,0.26
11.6,0.104,0.5,0.99643,10.1,6,1,3.22,7,2.4,0.65,13,0.38
10.7,0.079,0.44,0.99605,8.5,6,1,3.52,5,1.7,0.63,12,0.34
12.1,0.073,0.41,0.99658,8.8,7,1,3.3,7,5.9,0.62,13,0.33
9.4,0.083,0.3,0.997,7.2,35,1,3.44,5,2.1,0.52,72,0.41
9.4,0.083,0.3,0.997,7.2,35,1,3.44,5,2.1,0.52,72,0.41
9.1,0.109,0.29,0.99801,8.4,31,1,3.15,5,2.6,0.5,119,0.59
11.3,0.061,0.32,0.99416,7,9,1,3.28,7,3.6,0.49,29,0.4
10.4,0.075,0.49,0.9969,12.2,3,1,3.13,5,1.4,0.63,6,0.45
10.5,0.065,0.3,0.99774,9.1,8,1,3.32,6,1.9,0.71,17,0.5
10,0.079,0.26,0.99712,9.5,13,1,3.25,5,1.9,0.62,28,0.86
12.9,0.07,0.32,0.99418,7.3,51,1,3.34,6,2.1,0.82,70,0.52
10.5,0.065,0.3,0.99774,9.1,8,1,3.32,6,1.9,0.71,17,0.5
10.4,0.075,0.49,0.9969,12.2,3,1,3.13,5,1.4,0.63,6,0.45
11.3,0.064,0,0.99562,7.4,7,1,3.45,6,2,0.58,11,0.58
11.4,0.066,0.39,0.9947,9.8,3,1,3.19,7,1.4,0.55,7,0.34
9.4,0.08,0.3,0.99693,7.1,35,1,3.44,5,1.6,0.5,70,0.36
9.4,0.097,0.12,0.99596,7.7,19,1,3.16,5,1.7,0.49,27,0.39
10.9,0.073,0.4,0.99556,9.7,14,1,3.14,6,1.5,0.51,21,0.295
9.4,0.097,0.12,0.99596,7.7,19,1,3.16,5,1.7,0.49,27,0.39
9.4,0.082,0.28,0.99694,7.1,31,1,3.45,5,2,0.48,68,0.34
9.4,0.076,0.1,0.99554,6.5,30,1,3.36,6,2,0.48,47,0.4
9.4,0.082,0.28,0.99694,7.1,31,1,3.45,5,2,0.48,68,0.34
9.4,0.092,0.45,0.99918,10,20,1,3.15,5,2.5,0.43,88,0.35
10.1,0.079,0.06,0.99697,7.7,19,1,3.39,6,2,0.62,41,0.6
12.8,0.087,0,0.99378,5.6,3,1,3.71,7,2.2,0.63,11,0.66
12.8,0.087,0,0.99378,5.6,3,1,3.71,7,2.2,0.63,11,0.66
9.1,0.05,0.34,0.99554,8.9,4,1,3.12,6,1.4,0.48,10,0.84
12.9,0.055,0,0.99162,6.4,7,1,3.47,6,1.65,0.53,12,0.69
11.5,0.062,0.3,0.99495,7.5,6,1,3.44,7,2.2,0.72,12,0.43
10.6,0.058,0.38,0.99676,9.9,31,1,3.26,7,1.5,0.82,47,0.35
11.7,0.063,0.33,0.99516,9.1,13,1,3.26,7,2.05,0.84,27,0.29
12.8,0.067,0.32,0.9928,6.8,4,1,3.36,7,1.8,0.55,8,0.36
10.3,0.081,0.29,0.99603,8.2,27,1,3.25,5,1.6,0.54,45,0.43
12.8,0.067,0.32,0.9928,6.8,4,1,3.36,7,1.8,0.55,8,0.36
11.7,0.063,0.33,0.99516,9.1,13,1,3.26,7,2.05,0.84,27,0.29
11.7,0.064,0.34,0.99516,9.1,12,1,3.26,7,2,0.84,25,0.3
12,0.11,0.4,0.99549,8.9,12,1,3.23,7,3.6,0.7,24,0.35
10.9,0.116,0.36,0.99722,9.6,26,1,3.18,5,2.8,0.68,55,0.5
12.3,0.067,0.45,0.99354,8.9,7,1,3.25,7,1.7,0.55,12,0.28
10.4,0.088,0.31,0.9957,8.9,12,1,3.17,6,2,0.55,19,0.32
10,0.102,0.15,0.99604,7.7,11,1,3.23,5,2.1,0.48,32,1.005
10,0.092,0,0.99635,7.5,22,1,3.38,6,1.6,0.58,31,0.71
11.2,0.12,0.16,0.99454,8,3,1,3.22,6,2,0.58,7,0.58
11.4,0.075,0.46,0.99598,10.5,14,1,3.06,6,2.2,0.84,27,0.39
12.6,0.068,0.4,0.99486,8.9,12,1,3.27,7,2.2,0.75,28,0.38
12.7,0.049,0.37,0.99007,8,36,1,2.89,6,0.9,0.44,109,0.18
12.7,0.049,0.37,0.99007,8,36,1,2.89,6,0.9,0.44,109,0.18
10.4,0.078,0.14,0.99636,7,10,1,3.53,5,1.8,0.61,23,0.5
11.9,0.123,0.66,0.99642,11.3,3,1,3.2,6,2.4,0.53,8,0.36
11.9,0.123,0.66,0.99642,11.3,3,1,3.2,6,2.4,0.53,8,0.36
10.5,0.062,0.09,0.99584,7,4,1,3.35,5,2.1,0.54,9,0.51
12.3,0.098,0.42,0.99506,8.2,3,1,3.27,6,2.3,0.55,9,0.32
10.5,0.088,0.01,0.99568,7.7,12,1,3.32,7,1.8,0.56,18,0.58
10.4,0.095,0,0.99822,8.6,17,1,3.33,6,2.8,0.6,43,0.83
12.6,0.066,0.32,0.99364,7.9,14,1,3.41,6,1.9,0.56,36,0.31
11.6,0.065,0,0.99378,6.4,28,1,3.49,5,2.2,0.52,52,0.795
10.1,0.075,0.21,0.99586,7.2,41,1,3.37,6,2.5,0.54,68,0.34
10.5,0.088,0.01,0.99568,7.7,12,1,3.32,7,1.8,0.56,18,0.58
11.5,0.091,0,0.99488,7.1,9,1,3.42,7,2.1,0.55,14,0.59
11,0.093,0.01,0.99514,7.3,9,1,3.35,7,1.8,0.58,15,0.55
9.6,0.095,0,0.99854,8.1,5,1,3.36,5,4.1,0.53,14,0.82
10.4,0.089,0.08,0.99592,7.5,14,1,3.3,6,2.6,0.59,27,0.57
9.7,0.077,0.18,0.99739,8.9,15,1,3.2,6,2.5,0.47,48,0.745
10.6,0.085,0.34,0.99683,10.1,5,1,3.17,7,2.4,0.65,17,0.37
12.5,0.082,0.34,0.99356,7.6,26,1,3.22,7,2.5,0.59,35,0.31
9.2,0.074,0.1,0.99672,7.3,20,1,3.35,5,1.8,0.56,56,0.91
12.6,0.078,0.41,0.9953,8.7,25,1,3.24,7,6.2,0.77,42,0.41
11.1,0.088,0.21,0.99692,8.9,21,1,3.33,6,2.2,0.83,39,0.5
10.2,0.088,0,0.99756,7.4,16,1,3.58,5,2.2,0.67,32,0.965
9.8,0.079,0.19,0.99547,6.9,13,1,3.38,6,1.7,0.64,26,0.49
11.1,0.088,0.21,0.99692,8.9,21,1,3.33,6,2.2,0.83,39,0.5
10.9,0.069,0.41,0.99859,9.5,18,1,3.29,7,8.9,0.81,39,0.39
12.2,0.046,0.33,0.99294,6.4,12,1,3.36,6,3.3,0.62,53,0.39
11.4,0.07,0,0.99438,6.9,32,1,3.32,6,1.4,0.58,38,0.44
10.7,0.076,0,0.99612,7.6,33,1,3.31,6,1.7,0.62,45,0.78
10.4,0.082,0.17,0.99634,7.1,27,1,3.49,5,1.8,0.64,51,0.43
10.9,0.081,0.36,0.99702,9.3,3,1,3.27,6,1.7,0.78,14,0.49
10.8,0.084,0.36,0.99704,9.3,6,1,3.27,6,1.8,0.77,17,0.5
10.4,0.082,0.17,0.99634,7.1,27,1,3.49,5,1.8,0.64,51,0.43
9.2,0.414,0.59,0.99702,8.5,16,1,3.03,5,1.4,1.34,45,0.46
12.9,0.073,0.05,0.99258,5.6,19,1,3.56,5,2.4,0.55,25,0.605
12.7,0.07,0.42,0.99426,8.3,9,1,3.38,7,2.3,0.77,20,0.33
9.1,0.095,0.27,0.99747,8.2,5,1,3.13,6,2,0.62,77,0.64
9.1,0.095,0.27,0.99747,8.2,5,1,3.13,6,2,0.62,77,0.64
12.1,0.101,0.53,0.99586,8.9,3,1,3.21,7,4,0.59,10,0.48
9.1,0.104,0.25,0.99784,7.6,28,1,3.15,5,3.9,0.57,90,0.42
11.6,0.093,0.57,0.9971,9.9,30,1,3.19,7,2.4,0.76,52,0.53
12.1,0.101,0.53,0.99586,8.9,3,1,3.21,7,4,0.59,10,0.48
9.9,0.074,0.57,0.9981,11.6,3,1,3.14,6,1.8,0.7,8,0.23
12.5,0.071,0.5,0.99462,9.1,7,1,3.21,8,1.8,0.69,16,0.4
11.4,0.098,0.44,0.9956,8,6,1,3.3,6,1.9,0.64,15,0.38
11.8,0.075,0.65,0.99565,10.2,6,1,3.22,6,2.4,0.63,17,0.29
11.8,0.067,0.09,0.99418,8.2,5,1,3.28,6,2,0.57,10,0.74
10.2,0.083,0.18,0.9963,7.7,6,1,3.29,6,2.4,0.6,20,0.61
12.5,0.07,0.08,0.99358,6.6,13,1,3.4,7,2.4,0.72,26,0.52
10.9,0.06,0.53,0.99572,11.1,3,1,3.02,7,2.2,0.83,10,0.31
10.9,0.06,0.53,0.99572,11.1,3,1,3.02,7,2.2,0.83,10,0.31
10.8,0.086,0.35,0.997,8,28,1,3.31,5,2.8,0.62,52,0.62
11.1,0.057,0.45,0.99498,9.3,19,1,3.18,7,1.5,0.89,37,0.33
9.2,0.098,0.2,0.99892,7.5,30,1,3.2,5,8.1,0.58,92,0.77
9.5,0.083,0.26,0.9968,7.2,33,1,3.4,6,1.8,0.58,75,0.35
10.7,0.088,0.33,0.9972,8,16,1,3.31,6,2.7,0.58,37,0.62
9.2,0.098,0.2,0.99892,7.5,30,1,3.2,5,8.1,0.58,92,0.77
10.2,0.071,0.34,0.99769,9.1,45,1,3.44,7,2,0.86,67,0.25
11.4,0.073,0.56,0.99534,9.9,3,1,3.15,6,2,0.73,8,0.32
11,0.08,0.65,0.99817,8.6,3,1,3.27,5,6.4,0.58,8,0.37
11,0.08,0.65,0.99817,8.6,3,1,3.27,5,6.4,0.58,8,0.37
12.3,0.05,0.68,0.99316,7.9,37.5,1,3.01,7,8.3,0.51,278,0.3
11.8,0.047,0.56,0.99471,10.3,3,1,3.16,6,1.4,0.51,8,0.27
12.3,0.05,0.68,0.99316,7.9,37.5,1,3.01,7,8.3,0.51,289,0.3
9.5,0.073,0.3,0.99685,7.2,31,1,3.42,6,1.8,0.59,70,0.38
12,0.072,0.45,0.99617,8.7,32,1,3.33,6,2.4,0.77,59,0.42
9.5,0.073,0.3,0.99685,7.2,31,1,3.42,6,1.8,0.59,70,0.38
9.6,0.074,0.08,0.99529,6.8,40,1,3.12,5,1.8,0.49,64,0.48
11.6,0.055,0.4,0.99738,8.5,3,1,3.38,7,4.7,0.66,9,0.34
11.2,0.057,0.42,0.994,7.9,18,1,3.29,6,1.6,0.69,30,0.19
9.9,0.095,0.54,0.99735,11.6,22,1,3.02,7,1.5,0.76,41,0.41
9.9,0.095,0.54,0.99735,11.6,22,1,3.02,7,1.5,0.76,41,0.41
11.8,0.083,0.54,0.99451,10,42,1,2.98,8,1.9,0.63,74,0.26
11.4,0.086,0.42,0.99546,7.9,8,1,3.35,6,2,0.6,19,0.34
11.5,0.081,0.09,0.99479,7,10,1,3.43,6,2,0.59,16,0.54
12,0.079,0.36,0.99615,9.2,11,1,3.33,7,2.2,0.86,31,0.31
10.8,0.117,0.09,0.99655,6.6,9,1,3.35,6,5.5,0.49,17,0.725
10.5,0.087,0.47,0.99772,9.4,6,1,3.15,5,2.5,0.5,20,0.4
10.8,0.117,0.09,0.99655,6.6,9,1,3.35,6,5.5,0.49,17,0.725
9.4,0.096,0.38,0.99666,8.6,5,1,3.2,5,1.5,0.52,18,0.52
12.5,0.216,0.45,0.99358,8,5,1,3.15,7,2.1,0.81,16,0.31
9.4,0.096,0.38,0.99666,8.6,5,1,3.2,5,1.5,0.52,18,0.52
12.4,0.072,0.42,0.99392,8.4,23,1,3.11,6,2.1,0.78,36,0.34
12,0.071,0.27,0.99388,7.4,14,1,3.35,6,2.1,0.63,25,0.49
11.2,0.078,0.09,0.99402,6.1,18,1,3.45,6,1.7,0.54,30,0.48
12,0.071,0.27,0.99388,7.4,14,1,3.35,6,2.1,0.63,25,0.49
12.4,0.073,0.34,0.9936,8,16,1,3.28,6,2.2,0.66,25,0.48
12.8,0.048,0.28,0.99374,6.3,13,1,3.41,5,2.1,0.6,49,0.57
12.3,0.069,0.42,0.99376,8.2,9,1,3.21,6,1.9,0.54,17,0.23
11.7,0.068,0.41,0.99523,9.1,10,1,3.27,7,2,0.85,24,0.3
9.5,0.09,0.1,0.99855,8.1,4,1,3.36,5,3.3,0.49,13,0.78
10.8,0.171,0.43,0.9982,10.8,27,1,3.17,6,2.1,0.76,66,0.47
10,0.07,0,0.99593,8.3,6,1,3.25,6,1.4,0.64,14,0.53
12.3,0.092,0.27,0.99471,5.4,23,1,3.78,7,2,0.64,55,0.42
11,0.056,0.41,0.99396,7.9,6,1,3.29,6,1.5,0.71,35,0.33
9.5,0.074,0.39,0.99698,8.9,3,1,3.12,6,1.6,0.59,10,0.24
13.6,0.046,0.5,0.9902,5,29,1,3.49,6,4.3,0.66,80,0.4
11.3,0.091,0.07,0.99572,7,15,1,3.38,6,2.5,0.6,21,0.69
11.3,0.091,0.07,0.99572,7,15,1,3.38,6,2.5,0.6,21,0.69
11.3,0.091,0.07,0.99572,7,15,1,3.38,6,2.5,0.6,21,0.69
13.3,0.065,0.12,0.99252,7.1,14,1,3.3,6,2.1,0.53,24,0.39
12.9,0.066,0,0.99256,5.6,7,1,3.52,5,2.5,0.58,15,0.66
13.1,0.076,0.34,0.99235,7.9,8,1,3.2,8,2.5,0.72,17,0.54
12.3,0.062,0,0.99352,6.6,21,1,3.44,6,1.8,0.55,28,0.5
12.3,0.055,0,0.9922,6.3,27,1,3.45,6,1.4,0.48,33,0.47
11.2,0.081,0.37,0.99674,10.7,17,1,3.12,6,1.9,0.65,29,0.4
11.5,0.096,0,0.99557,6.5,3,1,3.62,4,2.2,0.62,13,0.58
11.3,0.055,0.35,0.99394,8.8,13,1,3.14,7,1.7,0.59,27,0.24
13.5,0.063,0.26,0.9915,5.8,3,1,3.39,6,1.7,0.54,11,0.29
11.5,0.072,0,0.99379,6.3,26,1,3.51,6,2.9,0.6,52,0.76
10,0.095,0.33,0.9984,10,28,1,3.22,5,2.7,0.68,89,0.43
10.5,0.092,0.35,0.99798,10.5,24,1,3.21,6,3.3,0.69,70,0.43
10.4,0.058,0,0.9977,9.1,5,1,3.18,6,1.9,0.63,10,0.6
9.5,0.045,0.21,0.99341,5.9,57,1,3.32,5,1.7,0.44,135,0.19
13.6,0.075,0.34,0.9933,7.4,18,1,3.38,7,1.8,0.88,38,0.36
11.2,0.089,0.07,0.99684,7.2,10,1,3.37,7,5.5,0.68,18,0.48
11.8,0.061,0.35,0.99524,8.5,6,1,3.3,7,1.7,0.74,15,0.28
11.9,0.067,0.43,0.9946,8,22,1,3.38,6,1.7,0.6,50,0.25
11.4,0.08,0.45,0.99774,10.4,6,1,3.22,6,2,0.76,13,0.52
11.4,0.08,0.45,0.99774,10.4,6,1,3.22,6,2,0.76,13,0.52
9.1,0.104,0.15,0.99786,7.5,29,1,3.14,5,3.7,0.58,94,0.41
9.5,0.079,0.24,0.99764,8.2,16,1,3.34,6,2,0.64,86,0.51
9.5,0.08,0.3,0.9969,7.3,33,1,3.41,6,1.7,0.65,79,0.4
11,0.08,0.32,0.99624,8.2,24,1,3.27,6,2.5,0.85,71,0.38
11.4,0.043,0.11,0.99354,6.9,6,1,3.3,6,2.4,0.65,12,0.45
10,0.065,0.3,0.99672,7,16,1,3.61,6,1.8,0.82,20,0.22
10.1,0.066,0.23,0.99588,7.3,35,1,3.43,5,2.3,0.62,70,0.32
10.4,0.076,0.43,0.99672,8.2,31,1,3.53,6,2.5,0.81,51,0.2
9.8,0.178,0.12,0.996,7.8,6,1,3.28,6,1.8,0.87,21,0.5
11.8,0.071,0.45,0.99702,10,6,1,3.21,7,6.2,0.49,14,0.41
11.6,0.086,0.42,0.99526,7.8,9,1,3.39,6,2,0.66,21,0.39
12,0.061,0.47,0.99585,10,6,1,3.23,6,2,0.52,11,0.35
12.8,0.067,0.32,0.99473,8.2,4,1,3.3,7,2.8,0.76,12,0.33
12.5,0.044,0.23,0.99352,6.1,16,1,3.46,6,2.5,0.65,70,0.58
9.8,0.118,0.25,0.99616,8.3,9,1,3.15,5,2.2,0.53,38,0.6
11.1,0.083,0.35,0.99622,9.6,17,1,3.23,6,2.1,0.66,38,0.42
11.4,0.1,0,0.99544,6.6,50,1,3.59,6,2.2,0.68,63,0.58
9.8,0.118,0.25,0.99616,8.3,9,1,3.15,5,2.2,0.53,38,0.6
11.8,0.071,0.51,0.99524,8.5,45,1,3.33,7,1.75,0.76,88,0.18
12.9,0.042,0.18,0.9924,5.1,16,1,3.46,7,2.1,0.87,101,0.51
10.6,0.076,0.43,0.99572,6.7,22,1,3.42,6,2.8,1.16,54,0.41
10.8,0.11,0.43,0.99728,10.2,11,1,3.16,5,2.2,0.67,37,0.41
11.1,0.087,0.57,0.99676,10.6,6,1,3.14,7,2.3,0.72,20,0.36
10.2,0.076,0.43,0.99551,8.8,12,1,3.21,6,1.4,0.75,21,0.45
11.8,0.075,0.42,0.99434,8.5,12,1,3.14,7,2.3,0.71,19,0.32
10,0.078,0.24,0.99692,9,10,1,3.29,5,1.7,0.67,21,0.785
10,0.078,0.24,0.99692,9,10,1,3.29,5,1.7,0.67,21,0.785
9.4,0.369,0.5,0.99634,8.5,15,1,3.01,5,1.9,1.1,38,0.44
10.2,0.111,0.26,0.99709,9.9,7,1,2.94,5,2,0.98,60,0.54
12.4,0.074,0.39,0.99528,8.2,29,1,3.32,7,2.5,0.88,48,0.33
12,0.067,0.27,0.99384,6.5,8,1,3.21,6,2.8,0.56,44,0.34
11.5,0.086,0.29,0.99502,7.6,5,1,3.32,6,2.3,0.62,14,0.5
10.5,0.062,0.34,0.99667,9.2,5,1,3.2,6,1.6,0.67,12,0.36
10.8,0.078,0,0.99522,7.1,26,1,3.42,6,2.2,0.68,44,0.59
12.3,0.074,0.46,0.99649,9.7,5,1,3.27,6,2.1,0.74,16,0.42
9.5,0.079,0.31,0.99716,7.6,26,1,3.46,6,1.7,0.62,65,0.36
9.5,0.079,0.31,0.99716,7.6,26,1,3.46,6,1.7,0.62,65,0.36
11.5,0.095,0,0.99541,6.5,48,1,3.61,6,2.2,0.7,59,0.61
11.2,0.079,0.03,0.99572,6.5,23,1,3.58,4,5.6,0.5,47,0.88
12.7,0.052,0,0.99318,7.1,6,1,3.35,7,2.4,0.66,11,0.66
11.4,0.041,0,0.99346,5.6,17,1,3.68,5,2.1,0.73,78,0.915
11,0.076,0.33,0.99599,8.2,11,1,3.27,6,2.4,0.81,47,0.35
11,0.076,0.33,0.99599,8.2,11,1,3.27,6,2.4,0.81,47,0.35
11.4,0.068,0.43,0.99478,9.8,5,1,3.19,5,1.65,0.46,11,0.39
10.5,0.068,0.4,0.99754,10.2,41,1,3.38,6,2.5,0.86,54,0.4
9.3,0.07,0.07,0.99572,6.8,16,1,3.29,5,1.6,0.6,61,0.66
10.9,0.08,0.23,0.99538,6.7,11,1,3.36,5,2.1,0.7,119,0.64
11.9,0.085,0.3,0.99346,7,6,1,3.33,6,2,0.46,39,0.43
12.2,0.079,0.03,0.9963,6.6,6,1,3.52,5,7.8,0.5,12,0.8
11.9,0.085,0.3,0.99346,7,6,1,3.33,6,2,0.46,39,0.43
10.9,0.08,0.23,0.99538,6.7,11,1,3.36,5,2.1,0.7,119,0.64
9.6,0.075,0.05,0.99616,8.8,5,1,3.3,4,1.8,0.44,19,0.955
12.5,0.08,0.57,0.99652,9.1,6,1,3.28,6,4.6,0.57,20,0.4
10.8,0.166,0,0.99551,6.5,6,1,3.56,5,2.3,0.51,12,0.885
12.4,0.063,0.37,0.99439,7.2,11,1,3.52,7,2.5,0.8,41,0.25
10.8,0.166,0,0.99551,6.4,6,1,3.56,5,2.3,0.51,12,0.885
9.5,0.114,0.12,0.99588,7,15,1,3.22,6,1.8,0.59,64,0.745
9.5,0.078,0.22,0.99633,6.2,21,1,3.52,6,1.8,0.6,56,0.43
9.5,0.076,0.23,0.99686,7.9,23,1,3.21,6,2.3,0.58,94,0.58
9.8,0.069,0.21,0.99458,7.7,4,1,3.16,6,1.5,0.54,9,0.57
10.9,0.052,0.26,0.9951,7.7,19,1,3.15,6,2,0.79,77,0.26
9.5,0.076,0.23,0.99686,7.9,23,1,3.21,6,2.3,0.58,94,0.58
9.8,0.069,0.21,0.99458,7.7,4,1,3.16,6,1.5,0.54,9,0.57
11.2,0.065,0.36,0.99419,7.9,5,1,3.27,7,1.9,0.54,10,0.34
11.7,0.068,0.39,0.99516,8.6,6,1,3.35,8,1.8,0.69,12,0.42
9.4,0.111,0.19,0.99878,9.9,33,1,3.14,5,5.8,0.55,76,0.74
11,0.074,0.46,0.99534,7.2,24,1,3.4,7,2.1,0.85,44,0.36
11,0.074,0.46,0.99534,7.2,24,1,3.4,7,2.1,0.85,44,0.36
11,0.074,0.46,0.99534,7.2,24,1,3.4,7,2.1,0.85,44,0.36
10,0.136,0.55,0.99752,9.9,24,1,3.35,5,1.7,0.94,52,0.72
11,0.074,0.46,0.99534,7.2,24,1,3.4,7,2.1,0.85,44,0.36
11.2,0.071,0.43,0.99428,6.2,14,1,3.45,7,2,0.87,24,0.39
10.4,0.078,0.02,0.99498,6.8,8,1,3.35,6,2.1,0.62,15,0.65
9.3,0.076,0.15,0.9957,6.6,22,1,3.32,5,2.1,0.62,53,0.44
10.4,0.078,0.02,0.99498,6.8,8,1,3.35,6,2.1,0.62,15,0.65
10.5,0.071,0.42,0.99659,9.6,5,1,3.15,6,1.9,0.75,13,0.38
10.4,0.081,0.46,0.99628,10.2,6,1,3.1,6,1.9,0.48,9,0.33
11.3,0.095,0.46,0.99488,8.8,20,1,3.26,6,2.1,0.56,29,0.27
9.5,0.079,0.31,0.99677,7.9,10,1,3.29,6,2,0.69,79,0.57
12,0.057,0.37,0.99408,8.2,43,1,3.23,6,1.9,0.81,74,0.34
10.6,0.082,0.31,0.996,8.2,8,1,3.24,6,1.9,0.69,24,0.4
10.9,0.044,0.4,0.99478,9,25,1,3.2,6,1.3,0.83,50,0.39
11.5,0.132,0.52,0.99734,10.9,17,1,3.28,6,1.8,0.77,44,0.32
11.5,0.132,0.52,0.99734,10.9,17,1,3.28,6,1.8,0.77,44,0.32
9.6,0.078,0.22,0.99678,8.1,33,1,3.26,6,2.2,0.46,89,0.53
12,0.074,0.47,0.99638,10.5,9,1,3.23,6,2.2,0.76,23,0.36
10.3,0.08,0.49,0.9992,12.6,8,1,3.07,6,2.5,0.82,20,0.39
9.4,0.091,0.23,0.99922,9.2,18,1,3.15,5,2.6,0.51,77,0.46
9.2,0.08,0.03,0.99592,7.5,27,1,3.02,5,4.1,0.47,46,0.58
9.6,0.104,0.25,0.99769,9,8,1,3.27,5,2,0.72,21,0.58
13.6,0.044,0,0.99157,5.1,18,1,3.68,7,1.8,0.73,88,0.42
9.5,0.075,0.29,0.99718,7.6,19,1,3.4,5,2.1,0.64,66,0.43
11.8,0.066,0.34,0.9947,7.7,15,1,3.37,6,2.7,0.78,58,0.18
10.8,0.074,0.01,0.99621,7.8,48,1,3.38,5,2.6,0.62,90,0.815
9.5,0.075,0.29,0.99718,7.6,19,1,3.4,5,2.1,0.64,66,0.43
9.3,0.057,0.37,0.99614,10.2,14,1,3.23,4,2.2,0.49,36,0.23
12.8,0.059,0.01,0.99242,7.1,11,1,3.39,6,2.2,0.4,18,0.75
11.5,0.054,0.32,0.99572,6,6,1,3.3,4,12.9,0.56,113,0.33
9.4,0.07,0,0.99659,7.8,7,1,3.26,6,1.7,0.64,17,0.55
12.8,0.059,0.01,0.99242,7.1,11,1,3.39,6,2.2,0.4,18,0.75
9.6,0.081,0,0.99798,8.1,12,1,3.38,4,2.5,0.46,24,0.73
11.8,0.057,0,0.99488,6.5,11,1,3.45,4,4.3,0.56,20,0.67
9.3,0.076,0.2,0.99494,7.5,36,1,3.1,5,1.7,0.4,60,0.61
9.8,0.079,0.39,0.99729,9.8,28,1,3.16,5,2.5,0.59,65,0.37
12.2,0.058,0.41,0.99414,9,15,1,3.22,6,2,0.6,40,0.4
9.5,0.082,0.22,0.9983,8.3,10,1,3.37,5,2.4,0.62,86,0.56
10.3,0.067,0.25,0.99721,5.9,72,1,3.33,6,13.4,0.54,160,0.29
10.5,0.082,0.19,0.99655,7.4,15,1,3.49,5,1.8,0.68,34,0.55
10,0.086,0.07,0.99502,7.4,15,1,3.12,5,1.7,0.48,48,0.74
10.5,0.082,0.19,0.99655,7.4,15,1,3.49,5,1.8,0.68,34,0.55
11.1,0.081,0.33,0.9949,6.9,22,1,3.41,6,2.2,0.75,36,0.41
10.9,0.079,0.01,0.99514,7.1,24,1,3.4,6,2.3,0.61,37,0.6
10.9,0.079,0.01,0.99514,7.1,24,1,3.4,6,2.3,0.61,37,0.6
9.8,0.077,0.14,0.9963,7.5,27,1,3.28,5,2.2,0.59,60,0.58
9.8,0.123,0,0.99627,7.1,6,1,3.45,5,1.8,0.58,14,0.72
9.5,0.096,0,0.99569,7.9,6,1,3.43,5,1.4,0.58,13,0.66
10.9,0.079,0.06,0.99628,7.8,20,1,3.4,5,1.9,0.69,35,0.7
11,0.069,0.02,0.99358,6.1,26,1,3.47,5,2.4,0.45,46,0.64
9.2,0.082,0.22,0.99499,7.5,43,1,3.1,5,1.8,0.42,60,0.59
11,0.085,0.28,0.99633,7,12,1,3.32,6,4.8,0.7,69,0.58
11.3,0.123,0,0.99538,6.8,15,1,3.44,6,2.7,0.63,33,0.64
11.3,0.123,0,0.99538,6.8,15,1,3.44,6,2.7,0.63,33,0.64
9.3,0.403,0.68,0.99632,8.6,19,1,3.02,5,1.8,1.15,56,0.635
11.2,0.083,0,0.99437,6.3,17,1,3.59,4,2,0.55,24,1.02
9.8,0.081,0.38,0.99726,9.8,34,1,3.15,5,2.5,0.58,66,0.45
9.6,0.089,0,0.9978,8.2,13,1,3.37,4,2.2,0.46,26,0.78
11.8,0.066,0.32,0.99456,8.5,26,1,3.38,6,1.8,0.72,51,0.37
10.3,0.081,0.05,0.99564,7.2,16,1,3.38,6,2.3,0.6,36,0.57
10.3,0.081,0.05,0.99564,7.2,16,1,3.38,6,2.3,0.6,36,0.57
11.4,0.068,0.5,0.996,10.4,13,1,3.1,6,2.3,0.87,19,0.43
9.5,0.079,0.31,0.99668,6.9,21,1,3.47,6,2,0.55,51,0.41
14,0.044,0.03,0.9908,5.5,28,1,3.5,8,1.8,0.82,87,0.49
14,0.048,0.01,0.99084,5,26,1,3.7,6,1.6,0.75,60,0.38
11.7,0.049,0.2,0.9935,7.3,24,1,3.38,6,1.6,0.57,64,0.44
11.2,0.077,0,0.99385,5.9,25,1,3.5,5,1.9,0.53,44,0.46
9.3,0.073,0.2,0.99494,7.5,34,1,3.1,5,2,0.43,44,0.58
11.2,0.102,0.13,0.9944,7.8,17,1,3.24,6,2.1,0.53,36,0.58
9.5,0.075,0.22,0.99688,8,13,1,3.24,6,2.3,0.54,81,0.715
12,0.05,0.4,0.99566,8.5,3,1,3.28,4,6.3,0.56,10,0.4
9.7,0.114,0,0.99636,7,3,1,3.35,6,1.9,0.6,10,0.69
9.5,0.075,0.22,0.99688,8,13,1,3.24,6,2.3,0.54,81,0.715
11.5,0.062,0.39,0.9948,9.8,3,1,3.14,7,1.7,0.57,9,0.3
10.4,0.077,0.2,0.9956,7.1,28,1,3.37,6,1.9,0.64,54,0.46
10.4,0.077,0.2,0.9956,7.1,28,1,3.37,6,1.9,0.64,54,0.46
10.9,0.084,0,0.99619,7.9,9,1,3.33,6,2,0.68,22,0.765
10.2,0.096,0.28,0.99734,8.7,17,1,3.26,6,2.7,0.63,69,0.63
10.9,0.071,0.19,0.99476,7,18,1,3.39,5,2.3,0.56,36,0.42
10.5,0.09,0.5,0.99734,11.3,20,1,3.15,5,1.8,0.57,47,0.37
12.4,0.068,0.44,0.99328,7.1,17,1,3.35,6,2.5,0.54,31,0.16
13,0.056,0.08,0.99286,8,3,1,3.22,5,2.6,0.37,7,0.6
10.2,0.068,0.3,0.99914,7,20,1,3.3,5,4.5,1.17,110,0.6
10.2,0.068,0.3,0.99914,7,20,1,3.3,5,4.5,1.17,110,0.6
11,0.1,0,0.99521,7.6,6,1,3.36,5,1.9,0.59,12,0.74
10.9,0.073,0.1,0.99638,8.2,25,1,3.29,6,2.1,0.75,60,0.635
12.4,0.056,0.13,0.99362,5.9,14,1,3.62,6,2.4,0.67,28,0.395
9.7,0.084,0,0.99672,7.5,6,1,3.34,4,1.9,0.49,12,0.755
10.9,0.073,0.1,0.99638,8.2,25,1,3.29,6,2.1,0.75,60,0.635
9.5,0.093,0,0.99558,6.6,51,1,3.2,5,4.3,0.45,,0.63
9.5,0.093,0,0.99558,6.6,51,1,3.2,5,4.3,0.45,,0.63
12.1,0.064,0.14,0.99323,7.2,15,1,3.35,6,2.1,0.61,29,0.53
12.2,0.063,0,0.99191,5.7,11,1,3.45,6,1.4,0.56,18,0.6
10.9,0.137,0,0.99476,7.6,5,1,3.5,3,2.1,0.4,9,1.58
12.5,0.08,0,0.99444,5.2,15,1,3.78,6,2.15,0.61,28,0.645
11.7,0.1,0.07,0.99598,6.7,20,1,3.6,6,2,0.74,57,0.86
11.2,0.064,0.32,0.99576,9.1,4,1,3.3,6,2.1,0.8,15,0.37
11.2,0.081,0.44,0.99501,8,28,1,3.36,5,1.8,0.66,68,0.28
9.2,0.087,0.21,0.9955,7.6,21,1,3.12,5,2.3,0.44,68,0.79
9.8,0.073,0.26,0.99612,7.5,24,1,3.3,5,1.9,0.53,88,0.61
10.1,0.088,0.32,0.9979,9.7,22,1,3.29,5,2.5,0.62,91,0.69
11.1,0.068,0.09,0.99524,6.8,15,1,3.41,4,3.9,0.52,29,0.68
10.1,0.088,0.32,0.9979,9.7,22,1,3.29,5,2.5,0.62,91,0.69
9.2,0.071,0.1,0.996,7,27,1,3.28,5,1.4,0.61,63,0.62
9.8,0.073,0.26,0.99612,7.5,24,1,3.3,5,1.9,0.53,88,0.61
12.8,0.064,0.15,0.9929,6.5,12,1,3.33,6,3,0.59,27,0.51
10.5,0.083,0.21,0.99532,8,14,1,3.34,5,1.9,0.47,41,1.18
10.1,0.086,0.21,0.99558,7,20,1,3.4,6,2.3,0.54,65,0.36
10.1,0.086,0.21,0.99556,7,24,1,3.4,6,2.4,0.53,69,0.36
9.8,0.083,0.27,0.99616,7.5,17,1,3.26,6,2,0.58,91,0.63
12.5,0.041,0,0.99258,5.4,16,1,4.01,6,1.2,0.59,46,0.74
11.9,0.091,0.46,0.99638,9.9,10,1,3.18,6,2.2,0.69,41,0.44
9.8,0.083,0.27,0.99616,7.5,17,1,3.26,6,2,0.58,91,0.63
9.1,0.414,0.68,0.99652,9.1,18,1,2.9,6,1.7,1.33,64,0.76
10.1,0.094,0.34,0.99796,9.7,12,1,3.26,5,2.6,0.66,88,0.66
12.5,0.041,0,0.99258,5,16,1,4.01,6,1.2,0.59,46,0.74
11.4,0.058,0.42,0.99392,9.1,9,1,3.18,5,1.8,0.55,18,0.34
11,0.06,0.39,0.99495,9.1,21,1,3.18,7,1.8,0.82,55,0.36
10.6,0.077,0.24,0.9948,6.7,18,1,3.39,6,1.7,0.6,34,0.46
10.6,0.077,0.24,0.9948,6.7,18,1,3.39,6,1.7,0.6,34,0.46
10.6,0.077,0.24,0.9948,6.7,18,1,3.39,6,1.7,0.6,34,0.46
10.6,0.077,0.24,0.9948,6.7,18,1,3.39,6,1.7,0.6,34,0.46
9.3,0.073,0.11,0.9955,6.5,13,1,3.34,5,1.8,0.52,38,0.52
9.8,0.083,0.26,0.99616,7.4,17,1,3.29,6,2.1,0.56,91,0.6
9.8,0.083,0.26,0.99616,7.4,17,1,3.29,6,2.1,0.56,91,0.6
9.2,0.107,0.26,0.99668,7.8,31,1,3.26,5,3.8,0.46,67,0.87
9.7,0.075,0.1,0.99581,8.4,6,1,3.09,6,1.7,0.43,25,0.39
9.6,0.079,0.22,0.9976,9.1,12,1,3.18,5,2.2,0.51,48,0.775
10,0.166,0,0.99608,7.2,4,1,3.39,5,2,0.52,11,0.835
12.6,0.069,0.02,0.99387,6.6,19,1,3.38,6,2.4,0.66,40,0.58
9.5,0.057,0,0.99448,6,15,1,3.36,5,1.4,0.45,26,0.5
9.5,0.057,0,0.99448,6,15,1,3.36,5,1.4,0.45,26,0.5
9.5,0.057,0,0.99448,6,15,1,3.36,5,1.4,0.45,26,0.5
10.5,0.084,0.02,0.99538,7.5,13,1,3.36,6,1.7,0.54,31,0.51
10.5,0.084,0.02,0.99538,7.5,13,1,3.36,6,1.7,0.54,31,0.51
10.5,0.084,0.02,0.99538,7.5,13,1,3.36,6,1.7,0.54,31,0.51
10.4,0.085,0.02,0.99589,7.6,17,1,3.37,6,1.7,0.51,31,0.54
10.5,0.084,0.02,0.99538,7.5,13,1,3.36,6,1.7,0.54,31,0.51
11,0.077,0.48,0.99852,11.5,8,1,3.09,5,2.6,0.53,20,0.42
10.2,0.063,0.24,0.99613,8.2,10,1,3.25,6,2.3,0.53,28,0.44
11.4,0.056,0.01,0.99472,6.1,5,1,3.52,5,2.1,0.56,13,0.59
9.5,0.078,0.03,0.99587,7.2,7,1,3.34,5,1.8,0.39,12,0.655
9.5,0.078,0.03,0.99587,7.2,7,1,3.34,5,1.8,0.39,12,0.655
10.8,0.081,0,0.99518,6.9,21,1,3.41,5,2.8,0.52,41,0.57
10,0.069,0.29,0.99654,9,32,1,3.34,5,2,0.57,73,0.6
11.8,0.065,0.01,0.99332,7.2,8,1,3.32,6,2.3,0.51,46,0.62
10.3,0.086,0.03,0.9969,7.6,14,1,3.37,5,1.9,0.46,57,0.645
10.3,0.086,0.03,0.9969,7.6,14,1,3.37,5,1.9,0.46,57,0.645
10,0.077,0.03,0.99568,7.2,7,1,3.35,5,2.3,0.52,28,0.58
10.1,0.086,0.25,0.99464,6.1,5,1,3.36,5,1.8,0.44,32,0.32
10.1,0.084,0.25,0.99464,6.1,4,1,3.36,5,1.8,0.44,28,0.34
11.1,0.078,0.24,0.99648,7.3,27,1,3.6,6,2.5,0.59,67,0.43
9.5,0.168,0.17,0.99736,7.4,52,1,3.28,5,5.4,0.5,98,0.64
10.033333333,0.091,0.4,0.99704,11.6,6,1,3.07,6,1.4,0.65,28,0.475
10.9,0.112,0.31,0.99699,9.2,11,1,3.24,5,2.3,0.56,38,0.54
10.1,0.093,0.14,0.99724,8.3,13,1,3.36,5,2.5,0.54,54,0.85
10.033333333,0.091,0.4,0.99704,11.6,6,1,3.07,6,1.4,0.65,28,0.475
9.8,0.08,0.27,0.99652,8,11,1,3.29,4,2,0.48,63,0.83
11.8,0.096,0.02,0.995,7.2,10,1,3.46,6,1.9,0.53,31,0.605
9.5,0.115,0.09,0.9971,7.8,10,1,3.18,5,2.2,0.62,42,0.5
9.8,0.094,0.08,0.99576,7.3,10,1,3.24,5,1.7,0.5,45,0.74
10.5,0.088,0.3,0.99725,6.9,9,1,3.25,6,2.2,1.18,105,0.54
9.8,0.079,0.32,0.99656,8,16,1,3.27,6,2.1,0.5,74,0.77
10.4,0.069,0,0.99396,6.6,4,1,3.33,4,1.6,0.37,8,0.61
9.2,0.415,0.51,0.99623,8.7,12,1,3,5,1.7,1.17,66,0.78
11.6,0.153,0.56,0.99476,7.5,5,1,3.21,6,3.1,1.03,14,0.58
9.2,0.415,0.51,0.99623,8.7,12,1,3,5,1.7,1.17,66,0.78
9.3,0.11,0.27,0.99664,7.7,34,1,3.24,5,3.8,0.45,89,0.75
9.8,0.267,0,0.99471,6.8,16,1,3.32,3,1.2,0.51,29,0.815
9.9,0.083,0.26,0.99586,7.2,13,1,3.26,5,2,0.52,100,0.56
10,0.086,0.2,0.9946,8.2,7,1,3.11,5,1.4,0.46,31,0.885
12.2,0.09,0.26,0.9953,5.2,23,1,3.71,6,2.3,0.62,74,0.49
9.9,0.078,0.15,0.99609,7.2,10,1,3.29,6,2,0.51,28,0.45
10.8,0.077,0.02,0.99557,7.5,11,1,3.36,6,2.6,0.62,35,0.57
10.8,0.077,0.02,0.99557,7.5,11,1,3.36,6,2.6,0.62,35,0.57
9.6,0.074,0.09,0.99534,6.8,4,1,3.38,5,1.8,0.45,25,0.83
9.9,0.08,0.22,0.99613,8,25,1,3.3,5,2.1,0.49,105,0.6
9.9,0.08,0.22,0.99613,8,25,1,3.3,5,2.1,0.49,105,0.6
9.5,0.107,0.15,0.99593,7.1,20,1,3.19,5,1.8,0.5,84,0.755
9.2,0.076,0.25,0.99668,8,34,1,3.19,5,3.4,0.42,85,0.81
9.6,0.1,0.07,0.9961,7.4,8,1,3.3,5,1.8,0.58,23,0.64
9.6,0.1,0.07,0.9961,7.4,8,1,3.3,5,1.8,0.58,23,0.64
10.3,0.083,0.31,0.99718,6.6,7,1,3.35,5,6.1,0.68,49,0.64
9.7,0.08,0.02,0.99524,6.7,36,1,3.1,5,2.2,0.53,111,0.48
12.5,0.068,0,0.99292,6,15,1,3.58,6,2.3,0.59,33,0.49
11,0.094,0.22,0.99612,8,5,1,3.37,5,2.4,0.58,33,0.64
9.8,0.07,0.06,0.9942,7.1,5,1,3.17,5,1.3,0.48,12,0.62
10.2,0.078,0.25,0.99612,8,19,1,3.3,5,2,0.48,59,0.52
9.2,0.07,0.14,0.99669,6.4,27,1,3.32,5,3.9,0.48,73,0.57
9.55,0.092,0.1,0.99745,8.6,3,1,3.31,6,1.6,0.65,12,0.685
9.55,0.09,0.1,0.99745,8.7,4,1,3.31,5,1.6,0.65,11,0.675
9.9,0.08,0.26,0.99584,7.3,17,1,3.28,5,2,0.52,104,0.59
10.2,0.083,0.12,0.9966,7,13,1,3.52,7,2.2,0.62,28,0.6
11.1,0.068,0,0.9956,7.2,10,1,3.42,6,2.2,0.72,24,0.67
9.9,0.08,0.21,0.9962,7.9,33,1,3.25,5,2.1,0.51,141,0.69
9.9,0.08,0.21,0.9962,7.9,33,1,3.25,5,2.1,0.51,141,0.69
11.9,0.052,0.42,0.9963,7.6,6,1,3.44,6,2,0.82,24,0.3
10,0.061,0.33,0.996,7.2,3,1,3.23,8,1.7,1.1,13,0.33
10.7,0.082,0.39,0.9985,8,12,1,3.43,6,2.6,0.62,46,0.5
11.3,0.062,0.3,0.9952,7.7,18,1,3.28,7,2,0.9,34,0.28
10.9,0.062,0.34,0.9974,8.2,8,1,3.22,6,5.1,0.94,22,0.24
10.7,0.064,0,0.995,6,40,1,3.54,6,2.1,0.93,54,0.51
12.4,0.048,0.36,0.995,8.1,35,1,3.27,7,2.2,1.01,53,0.29
10.7,0.064,0,0.995,6,40,1,3.54,6,2.1,0.93,54,0.51
11.9,0.082,0,0.9936,6.6,5,1,3.5,6,1.8,0.44,16,0.96
10.6,0.071,0.4,0.9963,6.4,8,1,3.56,6,2.4,0.73,19,0.47
10.9,0.062,0.34,0.9974,8.2,8,1,3.22,6,5.1,0.94,22,0.24
10.1,0.104,0.25,0.9963,9.9,12,1,3.04,5,2,0.9,89,0.57
9.6,0.077,0.59,0.9994,10,3,1,3.2,5,2.2,0.78,15,0.32
9.4,0.065,0,0.9966,6.2,8,1,3.56,5,1.6,0.84,18,0.58
9.6,0.077,0.59,0.9994,10,3,1,3.2,5,2.2,0.78,15,0.32
12.1,0.064,0.33,0.9952,7.3,21,1,3.35,7,2.5,0.77,37,0.34
9.8,0.077,0.01,0.995,7.8,3,1,3.16,5,1.6,0.46,19,0.53
9.9,0.077,0.21,0.9956,7.7,32,1,3.27,5,2.2,0.45,133,0.64
9.8,0.077,0.01,0.995,7.8,3,1,3.16,5,1.6,0.46,19,0.53
9.4,0.079,0.18,0.9965,7.5,24,1,3.34,5,1.6,0.58,58,0.4
11.4,0.079,0,0.9956,7,39,1,3.39,6,2.1,0.84,55,0.54
11,0.123,0.09,0.9968,6.4,14,1,3.5,4,3.9,0.67,31,0.53
9.6,0.076,0.37,0.9974,8.3,8,1,3.26,6,1.4,0.7,23,0.26
9.6,0.076,0.37,0.9974,8.3,8,1,3.26,6,1.4,0.7,23,0.26
12.1,0.046,0.37,0.9971,7.7,23,1,3.41,6,1.8,0.71,60,0.23
11.2,0.078,0.33,0.9957,7.6,6,1,3.3,5,2.5,0.58,23,0.41
11,0.072,0,0.9962,7.8,27,1,3.31,5,1.9,0.63,55,0.64
11.3,0.049,0.4,0.996,7.9,38,1,3.33,5,2.2,0.93,67,0.18
10.4,0.066,0.24,0.9956,7.4,18,1,3.37,5,1.8,0.62,47,0.41
9.9,0.069,0.31,0.9958,7.6,13,1,3.26,6,2.1,0.54,74,0.43
11.7,0.042,0,0.9944,5.9,3,1,3.48,6,1.6,0.85,11,0.44
10.1,0.069,0.16,0.9955,6.1,11,1,3.42,7,1.8,0.74,25,0.4
9,0.214,0.37,1.00369,10.2,55,1,3.18,6,15.4,0.77,95,0.54
9,0.214,0.37,1.00369,10.2,55,1,3.18,6,15.4,0.77,95,0.54
8.5,0.169,0.38,0.99914,10,27,1,3.15,5,1.6,0.65,90,0.38
11.1,0.07,0.29,0.99577,6.8,15,1,3.53,5,4.8,0.54,39,0.915
10.3,0.052,0,0.996,7,3,1,3.41,5,1.7,0.47,8,0.59
11.066666667,0.072,0.02,0.99566,7.3,31,1,3.32,6,2.2,0.68,92,0.67
11.3,0.062,0.32,0.9947,7.2,15,1,3.23,7,2,0.73,28,0.37
9.566666667,0.094,0.19,0.99713,7.4,19,1,3.16,6,5.2,0.52,98,0.785
9.8,0.078,0.02,0.99712,6.9,18,1,3.4,5,1.9,0.75,30,0.63
11.7,0.058,0.2,0.99322,6.9,8,1,3.38,5,1.75,0.49,22,0.58
11.1,0.072,0.02,0.99566,7.3,31,1,3.32,6,2.2,0.68,92,0.67
9.6,0.094,0.19,0.99713,7.4,19,1,3.16,6,5.2,0.52,98,0.785
9.8,0.078,0.02,0.99712,6.9,18,1,3.4,5,1.9,0.75,30,0.63
9.7,0.08,0,0.99701,6.8,22,1,3.4,5,1.9,0.74,39,0.67
9.7,0.08,0.01,0.99683,6.9,40,1,3.4,5,1.9,0.73,54,0.58
11.3,0.056,0.31,0.99472,7.2,15,1,3.23,8,2,0.76,29,0.38
11.3,0.062,0.32,0.9947,7.2,15,1,3.23,7,2,0.73,28,0.37
11,0.104,0.44,0.99732,7.8,8,1,3.33,7,2.7,0.78,17,0.32
11.6,0.062,0.02,0.99374,6.6,37,1,3.35,7,2,0.76,53,0.58
9,0.074,0.33,0.99706,7.6,27,1,3.41,5,1.9,0.58,85,0.49
10.9,0.073,0.63,0.99974,11.7,7,1,3.21,6,2.2,0.69,23,0.45
10.9,0.052,0,0.99467,6.5,9,1,3.5,6,1.6,0.63,17,0.9
10.55,0.05,0.06,0.99236,6,38,1,3.3,6,1.8,0.5,89,0.54
9,0.074,0.33,0.99706,7.6,27,1,3.41,5,1.9,0.58,85,0.49
10.5,0.067,0.4,0.99603,8.4,8,1,3.39,5,1.7,0.6,20,0.29
11.9,0.054,0.35,0.99458,7.9,7,1,3.32,7,1.7,0.8,15,0.2
10.4,0.054,0.09,0.99724,6.4,34,1,3.41,6,2.3,0.68,64,0.42
10,0.06,0,0.99664,6.2,6,1,3.59,4,2.1,0.61,13,0.785
10.4,0.075,0.03,0.99545,6.8,14,1,3.36,6,2.3,0.58,31,0.64
10.8,0.076,0.01,0.99522,6.9,14,1,3.34,6,2.4,0.53,39,0.63
9.7,0.063,0.1,0.9958,6.8,34,1,3.41,5,1.7,0.67,53,0.59
9.7,0.063,0.1,0.9958,6.8,34,1,3.41,5,1.7,0.67,53,0.59
10,0.062,0.32,0.99728,7.3,31,1,3.3,7,2.1,0.65,54,0.48
11,0.067,0.08,0.99648,6.7,19,1,3.52,4,2.3,0.57,32,1.04
10,0.062,0.32,0.99728,7.3,31,1,3.3,7,2.1,0.65,54,0.48
9.7,0.061,0.05,0.99705,7.3,20,1,3.31,3,2.1,0.55,49,0.98
9.7,0.084,0.11,0.99578,10,8,1,2.88,5,1.4,0.47,24,0.69
12.6,0.067,0.08,0.99334,6.7,8,1,3.43,5,3.75,0.52,16,0.7
11.1,0.073,0.6,0.99656,7.6,23,1,3.38,6,2.6,0.79,44,0.35
11,0.071,0.08,0.99336,6.1,14,1,3.38,5,1.8,0.54,45,0.6
8.8,0.205,0.5,1.00242,9.9,48,1,3.16,5,13.8,0.75,82,0.5
13.566666667,0.048,0.11,0.99182,5.3,16,1,3.54,7,2.2,0.88,89,0.47
8.8,0.205,0.5,1.00242,9.9,48,1,3.16,5,13.8,0.75,82,0.5
13.6,0.048,0.11,0.99182,5.3,16,1,3.54,7,2.2,0.88,89,0.47
10.2,0.082,0.05,0.99808,7.1,3,1,3.4,3,5.7,0.52,14,0.875
10.6,0.104,0.6,0.99828,8.2,10,1,3.39,5,3,0.68,22,0.28
10.1,0.08,0.03,0.99498,5.6,6,1,3.66,4,1.5,0.62,13,0.62
10.6,0.104,0.6,0.99828,8.2,10,1,3.39,5,3,0.68,22,0.28
10.3,0.114,0.54,0.99719,7.2,3,1,3.33,4,2.1,0.57,9,0.58
10.7,0.042,0.44,0.99542,8.1,6,1,3.35,5,1.5,0.61,12,0.33
10.9,0.06,0.06,0.99592,6.8,4,1,3.53,4,2,0.64,11,0.91
9.7,0.074,0.16,0.99606,7,8,1,3.37,5,2.1,0.55,25,0.655
10.3,0.07,0.21,0.99546,6.8,9,1,3.38,5,2.1,0.6,23,0.68
10.6,0.066,0.05,0.99496,6,9,1,3.52,5,1.9,0.78,17,0.64
11.4,0.049,0.04,0.9942,5.6,5,1,3.72,5,1.7,0.58,13,0.54
10.8,0.048,0.1,0.99448,6.2,4,1,3.44,6,2.1,0.76,11,0.57
12.4,0.039,0.49,0.99344,7.1,8,1,3.39,6,1.8,0.56,18,0.22
11.4,0.049,0.04,0.9942,5.6,5,1,3.72,5,1.7,0.58,13,0.54
11.95,0.05,0.06,0.99348,6.2,6,1,3.57,5,1.6,0.54,18,0.65
9.7,0.089,0.26,0.99636,7.7,23,1,3.26,5,1.9,0.59,147,0.54
10,0.066,0.09,0.99459,6.4,15,1,3.42,7,1.4,0.7,28,0.31
10.6,0.08,0.02,0.99492,7,15,1,3.35,6,1.9,0.81,28,0.43
9.7,0.089,0.26,0.99636,7.7,23,1,3.26,5,1.9,0.59,147,0.54
11.5,0.054,0.03,0.99508,6.9,7,1,3.45,6,2.3,0.63,16,0.74
10.8,0.068,0.04,0.99582,6.6,7,1,3.53,6,2.3,0.58,13,0.895
11.5,0.054,0.03,0.99508,6.9,7,1,3.45,6,2.3,0.63,16,0.74
9.6,0.076,0.04,0.99508,7.5,8,1,3.26,5,1.5,0.53,15,0.725
9.4,0.083,0.29,0.99642,7.8,21,1,3.16,5,4.3,0.53,64,0.82
9.8,0.078,0.18,0.99638,7.3,15,1,3.31,5,2.4,0.54,60,0.585
11,0.077,0.39,0.99555,6.2,6,1,3.51,6,2.5,0.69,14,0.44
11.4,0.106,0.57,0.99605,7.5,5,1,3.36,6,2.3,0.55,12,0.38
9.95,0.078,0.02,0.996,6.7,6,1,3.55,3,1.8,0.63,12,0.76
10.8,0.07,0.05,0.99562,6.8,6,1,3.51,6,2,0.66,14,0.81
11.4,0.106,0.57,0.99605,7.5,5,1,3.36,6,2.3,0.55,12,0.38
10.6,0.074,0.6,0.99814,7.1,17,1,3.38,6,2.1,0.72,25,0.27
11.1,0.062,0.4,0.9941,7.9,7,1,3.28,5,1.8,0.7,20,0.18
9.7,0.047,0.21,0.99661,6.4,26,1,3.47,6,2.2,0.77,48,0.36
9.8,0.068,0.04,0.99712,7.1,19,1,3.44,5,2.1,0.67,27,0.69
10.4,0.061,0.04,0.99588,6.4,11,1,3.53,6,2.2,0.65,17,0.79
10.5,0.078,0.15,0.99294,6.4,17,1,3.33,6,1.8,0.6,65,0.56
9.233333333,0.074,0.21,0.99842,6.9,16,1,3.53,6,4.1,0.72,65,0.84
9.25,0.074,0.21,0.99842,6.9,16,1,3.53,6,4.1,0.72,65,0.84
10.6,0.071,0.25,0.99633,6.1,23,1,3.42,5,2.3,0.97,58,0.32
10.3,0.063,0.06,0.99489,6.5,29,1,3.38,6,2,0.83,44,0.53
10.5,0.114,0.46,0.99647,7.4,7,1,3.32,5,2.2,0.63,20,0.47
10.2,0.106,0.08,0.99665,6.6,14,1,3.44,5,2.6,0.58,27,0.7
10.3,0.063,0.06,0.99489,6.5,29,1,3.38,6,2,0.83,44,0.53
9.05,0.082,0.2,0.99585,6.9,9,1,3.39,4,1.9,0.43,23,0.48
10.6,0.071,0.25,0.99633,6.1,23,1,3.42,5,2.3,0.97,58,0.32
10.4,0.076,0.25,0.9953,6.8,29,1,3.34,5,2,0.6,61,0.48
10,0.075,0.19,0.99522,6,22,1,3.39,6,2,0.78,47,0.42
9.7,0.064,0.08,0.99552,6.7,18,1,3.33,5,2.1,0.64,34,0.48
9.6,0.064,0.08,0.99553,6.8,18,1,3.3,6,2.2,0.65,38,0.47
10.8,0.071,0.07,0.9951,7.1,15,1,3.29,6,1.7,0.66,24,0.53
10.1,0.096,0.49,0.99714,7.9,21,1,3.31,6,2.2,0.67,59,0.29
10.2,0.063,0.08,0.99608,7.1,42,1,3.42,6,2.1,0.6,52,0.69
11.3,0.063,0.09,0.99444,6.6,9,1,3.42,6,2.2,0.69,18,0.44
10.2,0.081,0.1,0.99631,6.1,13,1,3.6,5,2.8,0.66,28,0.705
9.9,0.058,0.13,0.99573,7.2,18,1,3.21,6,2,0.68,22,0.53
9,0.074,0.3,0.99717,8,32,1,3.39,5,1.9,0.61,84,0.39
11.7,0.064,0.14,0.99397,6.6,13,1,3.42,7,2.4,0.62,29,0.56
9.7,0.075,0.13,0.9959,7,15,1,3.36,6,2.2,0.59,35,0.55
10.3,0.077,0.08,0.99528,6.1,24,1,3.6,6,1.9,0.68,45,0.53
10.2,0.059,0.08,0.99484,5.4,20,1,3.5,6,1.9,0.64,31,0.58
12,0.081,0.09,0.99538,6.2,15,1,3.57,5,2.5,0.63,26,0.64
9.9,0.065,0.32,0.99714,7.2,34,1,3.46,5,1.8,0.78,60,0.39
11.6,0.071,0.08,0.99646,6.2,11,1,3.56,6,4.4,0.63,32,0.52
10.9,0.054,0.29,0.99666,7.4,19,1,3.4,7,2.2,0.76,49,0.25
10.75,0.064,0.02,0.99472,6.7,29,1,3.3,6,1.9,0.56,38,0.855
10.4,0.064,0.42,0.99758,11.1,14,1,3.25,6,2.2,0.57,19,0.44
11.2,0.063,0.43,0.9955,8.4,12,1,3.17,7,2.3,0.81,19,0.37
10.1,0.059,0.33,0.99531,6.5,16,1,3.36,6,1.8,0.64,28,0.63
10.2,0.072,0.02,0.99575,7,17,1,3.36,5,2,0.61,26,0.57
12.1,0.048,0.1,0.99306,6.3,12,1,3.55,5,1.6,0.51,26,0.6
10.4,0.099,0.5,0.99783,11.2,19,1,3.1,5,2,0.58,50,0.4
11.4,0.074,0.3,0.99419,7.4,17,1,3.24,8,1.8,0.7,24,0.36
9.5,0.087,0,0.99783,7.1,17,1,3.45,5,2.3,0.53,26,0.68
9.4,0.083,0,0.99768,7.1,18,1,3.44,5,2.3,0.54,27,0.67
11.3,0.103,0.01,0.99586,6.3,32,1,3.51,6,3.7,0.66,54,0.68
9.4,0.08,0,0.99765,7.3,18,1,3.41,5,2.2,0.6,28,0.735
11,0.062,0.02,0.99627,6.6,15,1,3.54,6,2.4,0.6,23,0.855
10.55,0.065,0.17,0.99514,7,15,1,3.44,7,1.7,0.68,24,0.56
9.9,0.066,0.04,0.99636,6.6,12,1,3.53,5,2.2,0.56,20,0.88
11,0.062,0.02,0.99627,6.6,15,1,3.54,6,2.4,0.6,23,0.855
9.5,0.235,0.33,0.99787,6.9,66,1,3.22,5,6.7,0.56,115,0.63
9.9,0.08,0.26,0.99622,7.8,31,1,3.21,5,2,0.52,131,0.6
9.9,0.08,0.26,0.99622,7.8,31,1,3.21,5,2,0.52,131,0.6
9.9,0.08,0.26,0.99622,7.8,31,1,3.21,5,2,0.52,131,0.6
10.1,0.076,0.13,0.99546,7.2,12,1,3.29,5,2,0.54,20,0.695
10.1,0.076,0.13,0.99546,7.2,12,1,3.29,5,2,0.54,20,0.695
10.1,0.076,0.13,0.99546,7.2,12,1,3.29,5,2,0.54,20,0.695
10.9,0.061,0.02,0.99489,6.7,26,1,3.39,6,1.9,0.82,42,0.67
11.2,0.059,0.64,0.99494,6.7,24,1,3.34,6,2.1,0.71,52,0.16
10.1,0.076,0.13,0.99546,7.2,12,1,3.29,5,2,0.54,20,0.695
9.2,0.077,0.13,0.99629,7,25,1,3.34,5,1.6,0.59,42,0.56
11.5,0.056,0.14,0.99396,6.2,15,1,3.48,6,1.9,0.57,34,0.51
12.4,0.23,0.53,0.9934,6.4,19,1,3.37,6,2.2,0.93,35,0.36
11.1,0.038,0.14,0.99514,6.4,15,1,3.44,6,2.2,0.65,25,0.38
9.5,0.069,0.32,0.99632,7.3,35,1,3.33,5,2.2,0.51,104,0.69
12.5,0.075,0.2,0.99467,6,15,1,3.58,6,2.4,0.67,50,0.58
10.5,0.074,0.78,0.99677,5.6,23,1,3.39,6,13.9,0.48,92,0.31
11.8,0.06,0.4,0.99474,7.5,12,1,3.26,6,2.2,0.64,20,0.52
10.8,0.081,0.63,0.99588,8,16,1,3.3,6,1.6,0.78,29,0.3
11.9,0.076,0.15,0.99622,6.2,13,1,3.54,6,5.1,0.6,27,0.7
11.3,0.118,0.15,0.9954,6.8,13,1,3.42,6,1.8,0.67,20,0.67
11.3,0.053,0.09,0.99402,6.2,24,1,3.54,5,1.7,0.6,32,0.56
11.9,0.068,0.33,0.9947,7.4,9,1,3.36,6,2.4,0.6,26,0.35
11.3,0.053,0.09,0.99402,6.2,24,1,3.54,5,1.7,0.6,32,0.56
11.9,0.053,0.1,0.99362,6.1,13,1,3.57,5,2.6,0.5,27,0.715
9.8,0.074,0.29,0.99578,6.2,32,1,3.33,5,2.1,0.62,98,0.46
11.6,0.061,0.44,0.99484,6.7,24,1,3.29,7,2.4,0.8,34,0.32
11.5,0.066,0.44,0.99494,7.2,22,1,3.3,6,2.6,0.84,48,0.39
11.4,0.065,0.41,0.99492,7.5,34,1,3.34,6,2.4,0.85,60,0.31
10.9,0.066,0.11,0.99483,5.8,18,1,3.55,6,1.8,0.66,28,0.61
12.8,0.068,0.33,0.99414,7.2,34,1,3.27,6,2.5,0.78,102,0.66
9.2,0.073,0.2,0.9977,6.6,29,1,3.29,5,7.8,0.54,79,0.725
11.6,0.077,0.15,0.99314,6.3,26,1,3.32,6,1.8,0.82,35,0.55
11.6,0.089,0.09,0.99402,5.4,16,1,3.67,6,1.7,0.56,26,0.74
11,0.076,0.13,0.99574,6.3,29,1,3.42,6,2.3,0.75,40,0.51
9.5,0.068,0.08,0.99651,6.8,28,1,3.42,6,1.9,0.82,38,0.62
10.5,0.09,0.08,0.9949,6.2,32,1,3.45,5,2,0.58,44,0.6
11.2,0.062,0.1,0.99512,5.9,39,1,3.52,6,2.2,0.76,51,0.55
11,0.076,0.13,0.99574,6.3,29,1,3.42,6,2.3,0.75,40,0.51
10.2,0.075,0.12,0.99547,5.9,32,1,3.57,5,2,0.71,44,0.645
11,0.067,0.47,0.99549,6,18,1,3.39,6,3.6,0.66,42,0.31
